code UIC complet;libellé point d'arrêt;libellé;libellé STIF (info voyageurs);libellé SMS gare;nom gare;adresse;code INSEE commune;commune;X;Y;Guichet adapté PMR;Boucle magnétique;Portes automatiques d'accès au BV;Bandes d'éveil de vigilance ;CAB Passage Elargi Contrôlé (nombre);Nombre d'ascenceurs (1);Escaliers mécaniques (Nbre);Abris à vélos (Nombre) ;Gare non SNCF
87545269;ABLON;ABLON;GARE D'ABLON;Ablon;Ablon;Place de la Libération 94480   Ablon-sur-Seine ;94001; Ablon-sur-Seine;606090;2414099;0;1;0;0;Pas de CAB;0;;1;0
87386052;ACHERES GRAND CORMIER;ACHERES GRAND CORMIER;GARE D'ACHERES GRAND CORMIER;Achères Gd C;Achères-Grand-Cormier;RN184 / RUE DE LA CITE CROIX SAINT SIMON;78551; Saint-Germain-en-Laye;582084;2439693;0;0;0;1;Pas de CAB;0;;1;0
87381657;ACHERES VILLE;ACHERES VILLE;GARE D'ACHERES VILLE;Achères-V.;Achères-Ville;Rue du Moulin (depuis N186);78005; Achères;581018;2441356;1;1;1;1;2;2;1;0;0
87271460;AEROPORT CHARLES DE GAULLE  1 - Roissy;AEROPORT CHARLES DE GAULLE  1;AEROPORT CDG 1;Roissy CDG 1;Aéroport Charles de Gaulle 1;4 Rue du Versau, 93290 Tremblay en France;93073; Tremblay-en-France;616412;2445760;1;1;1;1;2;2;6;0;0
87001479;AEROPORT CHARLES DE GAULLE 2 TGV - Roissy;AEROPORT CHARLES DE GAULLE 2 TGV;AEROPORT CDG 2 TGV;Roissy CDG 2;;;93073; Tremblay-en-France;617208;2445134;1;1;0;1;2;1;;0;0
87070902;AEROPORT D'ORLY OUEST;AEROPORT D'ORLY OUEST;AEROPORT ORLY ORLYRAIL;;;;91479; Orly;602310;2414394;;;;;;;;;0
87113878;ALLEE DE LA TOUR RENDEZ-VOUS (T4);ALLEE DE LA TOUR RENDEZ-VOUS;ALLEE DE LA TOUR RENDEZ VOUS;;Allée de la Tour-Rendez-Vous;Boulevard d'Aulnay 93250 Villemomble;93077; Villemomble;612434;2433184;0;0;0;1;Pas de CAB;0;;0;0
87381491;ANDRESY;ANDRESY;GARE D'ANDRESY;Andrésy;Andrésy;Place de la Gare 78570 Andrésy;78015; Andrésy;578955;2441881;0;1;0;0;Pas de CAB;0;;1;0
87543090;ANGERVILLE;ANGERVILLE;GARE D'ANGERVILLE;;;;91016; Angerville;575307;2368091;0;1;0;0;Pas de CAB;0;;0;0
87758755;ANTONY;ANTONY;GARE D'ANTONY;;;;92002; Antony;597386;2417354;;;;;;;;;1
87758672;ARCUEIL CACHAN;ARCUEIL CACHAN;GARE D'ARCUEIL CACHAN;;;;94016; Cachan;599368;2422207;;;;;;;;;1
87381848;ARGENTEUIL;ARGENTEUIL;GARE D'ARGENTEUIL;Argenteuil;Argenteuil;Place Pierre Sémard 95100 Argenteuil;95018; Argenteuil;594186;2438758;1;1;1;1;3;4;0;1;0
87545467;ARPAJON;ARPAJON;GARE D'ARPAJON;Arpajon;Arpajon;Rue Aristide Briand 91290   Arpajon ;91021; Arpajon;592945;2398615;0;1;0;0;Pas de CAB;0;;1;0
87381137;ASNIERES SUR SEINE;ASNIERES SUR SEINE;GARE D'ASNIERES;Asnières;Asnières-sur-Seine;Rue de la Station 92600 Asnières sur Seine;92004; Asnières-sur-Seine;596099;2434169;1;1;1;0;Pas de CAB;5;3;0;0
87545251;ATHIS MONS;ATHIS MONS;GARE D'ATHIS MONS;Athis Mons;Athis-Mons;Place de Rothenbourg ob der Tauber 91200   Athis-Mons ;91027; Athis-Mons;604906;2412698;0;1;0;0;Pas de CAB;0;;1;0
87758599;AUBER;AUBER;AUBER;;;;75109; Paris;599554;2430388;;;;;;;;;1
87386730;AUBERGENVILLE ELISABETHVILLE;AUBERGENVILLE ELISABETHVILLE;GARE D'AUBERGENVILLE ELISABETHVILLE;Aubergenvill;Aubergenville-Elisabethville;Rue de la Gare 78410 Aubergenville;78029; Aubergenville;564248;2441642;0;1;0;0;1;0;;0;0
87271411;AULNAY SOUS BOIS;AULNAY SOUS BOIS;GARE D'AULNAY SOUS BOIS;Aulnay;Aulnay-sous-Bois;4 Bld du 11 Nov, 93600 Aulnay Sous Bois;93005; Aulnay-sous-Bois;611577;2437084;1;1;0;1;2;0;2;1;0
87276543;AUVERS SUR OISE;AUVERS SUR OISE;GARE D'AUVERS SUR OISE;Auvers / O.;Auvers-sur-Oise;Rue du Général De Gaulle, 95430 Auvers S/Oise;95039; Auvers-sur-Oise;588213;2452522;1;1;0;0;Pas de CAB;0;;1;0
87543207;AVENUE DU PRESIDENT KENNEDY - Maison de Radio France;AVENUE DU PRESIDENT KENNEDY - Maison de Radio France;AVENUE DU PRESIDENT KENNEDY;Av. Kennedy;Avenue du Président Kennedy;6, Rue du Ranelagh 75016   Paris ;75116; Paris;595874;2428306;0;1;0;1;;2;2;0;0
87381038;AVENUE FOCH;AVENUE FOCH;AVENUE FOCH;Avenue Foch;Avenue Foch;91 Boulevard Flandrin  75016   Paris ;75116; Paris;595582;2430392;0;1;0;1;;1;1;0;0
87381046;AVENUE HENRI MARTIN;AVENUE HENRI MARTIN;AVENUE HENRI MARTIN;H. Martin;Lycée Henri Sellier;Boulevard Edouard Vaillant 93190 Livry-Gargan;75116; Paris;595294;2429546;0;1;0;1;1;2;2;0;0
87684191;BAGNEAUX SUR LOING;BAGNEAUX SUR LOING;GARE DE BAGNEAUX SUR LOING;;Bagneaux-sur-Loing;Place de la gare 77167 Bagneaux-sur-Loing;77016; Bagneaux-sur-Loing;627251;2359136;0;0;0;1;Pas de CAB;0;;0;0
87758680;BAGNEUX;BAGNEUX;GARE DE BAGNEUX;;;;94016; Cachan;598861;2421643;;;;;;;;;1
87681437;BALLANCOURT;BALLANCOURT;GARE DE BALLANCOURT;Ballancourt;Ballancourt;Avenue du Général Leclerc 91610;91045; Ballancourt-sur-Essonne;602569;2392632; ;0;0;0;Pas de CAB;0;;1;0
87382002;BECON LESBRUYERES;BECON LES BRUYERES;GARE DE BECON LES BRUYERES;Bécon-Les-B.;Bécon les Bruyères;Rue Madira - 92400 Courbevoie;92026; Courbevoie;595017;2434148;0;1;0;0;Pas de CAB;0;2;2;0
87393116;BELLEVUE;BELLEVUE;GARE DE BELLEVUE;Bellevue;;;92048; Meudon;592147;2424535;0;1;0;0;Pas de CAB;0;;1;0
87276550;BELLOY SAINT-MARTIN;BELLOY SAINT-MARTIN;GARE DE BELLOY ST MARTIN;Belloy St M.;Belloy-Saint-Martin;Place de la gare 95270 Belloy-en-France;95056; Belloy-en-France;601766;2455509; ;0;0;0;Pas de CAB;0;;0;0
87276642;BESSANCOURT;BESSANCOURT;GARE DE BESSANCOURT;Bessancourt;Bessancourt;Avenue Dupressoir de la Chardonnière 95550 Bessancourt;95060; Bessancourt;590746;2448636;1;1;0;0;Pas de CAB;0;;1;0
87393363;BEYNES;BEYNES;GARE DE BEYNES;Beynes;Beynes;16 Avenue de la Gare 78650 Beynes;78062; Beynes;566180;2429101;0;0;0;0;Pas de CAB;0;;0;0
87328328;BIBLIOTHEQUE FRANCOIS MITTERRAND;Bibliothèque François Mitterrand;BIBLIOTHEQUE F. MITTERRAND;Bibl. F. Mit;;;75113; Paris;602850;2425718;1;1;0;1;3;3;9;0;0
87393546;BIEVRES;BIEVRES;GARE DE BIEVRES;Bièvres;Bièvres;Place de la Gare 91570   Bièvres ;91064; Bièvres;591104;2416982;0;1;0;0;Pas de CAB;0;;0;0
87684407;BOIGNEVILLE;BOIGNEVILLE;GARE DE BOIGNEVILLE;Boigneville;Boigneville;Place de la Gare 91720 Boigneville;91069; Boigneville;603146;2371489;0;0;0;0;Pas de CAB;0;;0;0
87381079;BOIS COLOMBES;BOIS COLOMBES;GARE DE BOIS COLOMBES;B. Colombes;Bois-Colombes;1 Place Gabriel Péri 92270 Bois Colombes;92009; Bois-Colombes;595304;2435033;1;1;1;1;1;2;4;0;0
87682203;BOIS LE ROI;BOIS LE ROI;GARE DE BOIS LE ROI;;Bois-le-Roi;Rue de la gare 77590 Bois-le-Roi;77037; Bois-le-Roi;626292;2386365;0;1;0;0;Pas de CAB;0;;1;0
87682518;BOISSISE LE ROI;BOISSISE LE ROI;GARE DE BOISSISE LE ROI;Boissise;Boissise-le-Roi;Rue de Ponthierry 77310;77040; Boissise-le-Roi;617472;2392350;0;0;0;0;Pas de CAB;0;;0;0
87381152;BOISSY L'AILLERIE;BOISSY L'AILLERIE;GARE DE BOISSY L AILLERIE;Boissy l'A.;Boissy-l'Aillerie;Rue de la Gare 95650 Boissy l'Aillerie;95078; Boissy-l'Aillerie;577252;2453130;0;0;0;0;Pas de CAB;0;;0;0
87758201;BOISSY SAINT-LEGER;BOISSY SAINT-LEGER;GARE DE BOISSY ST LEGER;;;;94004; Boissy-Saint-Léger;612421;2417187;;;;;;;;;1
87113407;BONDY;BONDY;GARE DE BONDY;Bondy;Bondy;1 place de la République 93140 BONDY;93010; Bondy;610435;2432909;0;1;1;1;2;4;;1;0
87545731;BONNEVAL;BONNEVAL;GARE DE BONNEVAL;;;;28051; Bonneval;529321;2354559;;;;;;;;;0
87415893;BONNIERES;BONNIERES;GARE DE BONNIERES;;Bonnières;Place du 8 Mai 1945 78270 Bonnières sur seine;78089; Bonnières-sur-Seine;544763;2449214;0;1;0;0;Pas de CAB;0;;0;0
87276444;BORAN SUR OISE;BORAN SUR OISE;GARE DE BORAN SUR OISE;;;;60086; Boran-sur-Oise;601899;2463271;;;;;;;;;0
87276485;BOUFFEMONT MOISSELLES;BOUFFEMONT MOISSELLES;GARE DE BOUFFEMONT MOISSELLES;Bonneval;Bouffémont-Moisselles;PLACE DE LA GARE 95570 BOUFFEMONT;95091; Bouffémont;598997;2449675;1;1;1;1;Pas de CAB;0;;1;0
87382440;BOUGIVAL;BOUGIVAL;GARE DE BOUGIVAL;Bougival;Bougival;Place Maréchal Leclerc 78170 La Celle-Saint-Cloud;78126; La Celle-Saint-Cloud;585002;2428451;0;0;0;0;Pas de CAB;0;;1;0
87543181;BOULAINVILLIERS;BOULAINVILLIERS;BOULAINVILLIERS;Boulainvill.;Boulainvilliers;52, Rue des Vignes 75016   Paris ;75116; Paris;595474;2428756;0;1;0;1;Pas de CAB;2;2;0;0
87545178;BOURAY;BOURAY;GARE DE BOURAY;Bouray;Bouray;Paté de Lardy 91850  Lardy ;91330; Lardy;596584;2392719;0;1;0;0;Pas de CAB;0;;1;0
87758698;BOURG LA REINE;BOURG LA REINE;GARE DE BOURG LA REINE;;;;92014; Bourg-la-Reine;598276;2420187;;;;;;;;;1
87684118;BOURRON MARLOTTE GREZ;BOURRON MARLOTTE GREZ;GARE DE BOURRON MARLOTTE GREZ;;Bourron-Marlotte-Grez;Avenue Blaise de Montesquiou 77780 Bourron-Marlotte;77048; Bourron-Marlotte;626381;2370480;0;0;0;1;Pas de CAB;0;;0;0
87682138;BOUSSY SAINT-ANTOINE;BOUSSY SAINT-ANTOINE;GARE DE BOUSSY ST ANTOINE;Boussy St A.;Boussy-Saint-Antoine;Rue de la Gare 91800;91097; Boussy-Saint-Antoine;614473;2409174;1;1;1;1;1;0;;1;0
87681478;BOUTIGNY;BOUTIGNY;GARE DE BOUTIGNY;Boutigny;Boutigny;Place de la Gare 91820 Boutigny Sur Essonne;91099; Boutigny-sur-Essonne;602966;2381781;0;1;0;0;Pas de CAB;0;;1;0
87545194;BRETIGNY;BRETIGNY;GARE DE BRETIGNY;Brétigny;Brétigny;Place Pierre Venin 91220  Brétigny-sur-Org;91103; Brétigny-sur-Orge;597477;2400892;1;1;1;0;1;0;;0;0
87545491;BREUILLET VILLAGE;BREUILLET VILLAGE;GARE DE BREUILLET VILLAGE;Breuillet v.;Breuillet-Village;Rue de la Gare 91650   Breuillet;91105; Breuillet;587814;2396256;0;1;0;0;Pas de CAB;0;;1;0
87545483;BREUILLETBRUYERES LE CHATEL;BREUILLETBRUYERES LE CHATEL;GARE DE BREUILLET BRUYERES LE CHATEL;Breuillet b.;Breuillet-Bruyères-le-Châtel;Route d'Arpajon 91650   Breuillet ;91105; Breuillet;589318;2397612;0;1;0;0;Pas de CAB;0;;1;0
87381624;BREVAL;BREVAL;GARE DE BREVAL;;Bréval;Avenue Noël Duchesne 78980 Bréval;78107; Bréval;541716;2438619;0;1;0;0;Pas de CAB;0;;0;0
87682120;BRUNOY;BRUNOY;GARE DE BRUNOY;Brunoy;Brunoy;Rue de la Gare 91800 Evry;91114; Brunoy;612524;2411180;1;1;0;1;1;0;;1;0
87276451;BRUYERES SUR OISE;BRUYERES SUR OISE;GARE DE BRUYERES SUR OISE;Bruyères/O;Bruyères-sur-Oise;Rue de la gare 95820 Bruyères-sur-Oise;95116; Bruyères-sur-Oise;599219;2461914;0;0;0;0;Pas de CAB;0;;0;0
87758326;BRY SUR MARNE;BRY SUR MARNE;GARE DE BRY SUR MARNE;;;;94015; Bry-sur-Marne;613938;2427345;;;;;;;;;1
87387092;BUEIL;BUEIL;GARE DE BUEIL;;;;27119; Bueil;534543;2436689;;;;;;;;;0
87681510;BUNO GIRONVILLE;BUNO GIRONVILLE;GARE DE BUNO GIRONVILLE;Buno Gironv.;Buno-Gironville; Rue de la gare/ Rue de Gironville 91720;91121; Buno-Bonnevaux;603721;2374685;0;0;0;0;Pas de CAB;0;;0;0
87758854;BURES SUR YVETTE;BURES SUR YVETTE;GARE DE BURES SUR YVETTE;;;;91122; Bures-sur-Yvette;587226;2410820;;;;;;;;;1
87754986;BUSSY SAINT-GEORGES;BUSSY SAINT-GEORGES;GARE DE BUSSY ST GEORGES;;;;77058; Bussy-Saint-Georges;627416;2426551;;;;;;;;;1
87382655;CERGY LE HAUT;CERGY LE HAUT;GARE DE CERGY LE HAUT;Cergy le H.;Cergy-le-Haut;Rue de l'Espérance;95127; Cergy;576283;2450103;1;1;1;1;1;2;4;1;0
87381905;CERGY PREFECTURE;CERGY PREFECTURE;GARE DE CERGY PREFECTURE;Cergy Préf.;Cergy-Préfecture;Gare routière et Parvis en parallèle au Bld de l'Oise;95127; Cergy;581212;2448747;1;1;1;1;1;1;4;0;0
87382499;CERGY SAINT-CHRISTOPHE;CERGY SAINT-CHRISTOPHE;GARE DE CERGY ST CHRISTOPHE;Cergy St-Ch.;Cergy-Saint-Christophe;Rue des pas perdus;95127; Cergy;577906;2450226;1;1;0;1;1;2;4;1;0
87276063;CERNAY;CERNAY;GARE DE CERNAY;Cernay;Cernay;Rue Gallieni 95120 Ermont;95219; Ermont;594159;2443029;1;1;0;0;2;0;;0;0
87682161;CESSON;CESSON;GARE DE CESSON;Cesson;Cesson;Rue de La Gare, 77240 Cesson;77067; Cesson;618994;2396359;0;1;1;1;Pas de CAB;0;;1;0
87116343;CHAILLY BOISSY LECHATEL;CHAILLY BOISSY LECHATEL;GARE DE CHAILLY BOISSY LE CHATEL;;;;77070; Chailly-en-Brie;659958;2424305;;;;;;;;;0
87545152;CHAMARANDE;CHAMARANDE;GARE DE CHAMARANDE;Chamarande;Chamarande;Place de la Gare 91730   Chamarande ;91132; Chamarande;591137;2390693;0;1;0;0;Pas de CAB;0;;0;0
87393058;CHAMP DE MARS TOUR EIFFEL;CHAMP DE MARS TOUR EIFFEL;CHAMP DE MARS TOUR EIFFEL;Ch de Mars T;Champ de Mars - Tour Eiffel bir hakeim;Quai Branly ( pont Bir Hakeim ) 75015   Paris ;75115; Paris;596562;2428620;1;1;0;0;1;0;;0;0
87276030;CHAMP DE COURSES D'ENGHIEN;CHAMP DE COURSES D'ENGHIEN;GARE DE CHAMP DE COURSES D ENGHIEN;C. Courses;Champ de Courses d'Enghien;Chaussée Jules César 95230 Soisy-sous-Montmorency;95598; Soisy-sous-Montmorency;596725;2442406;0;1;0;0;1;0;;0;0
87276519;CHAMPAGNE SUR OISE;CHAMPAGNE SUR OISE;GARE DE CHAMPAGNE SUR OISE;Champagne/O;Champagne-sur-Oise;Rue Louis Pasteur 95660 Champgne-sur-Oise;95134; Champagne-sur-Oise;593086;2459775;1;1;0;0;Pas de CAB;0;;1;0
87682450;CHAMPAGNE SUR SEINE;CHAMPAGNE SUR SEINE;GARE DE CHAMPAGNE SUR SEINE;;Champagne-sur-Seine;Place de l'Europe 77430 Champagne-sur-Seine;77079; Champagne-sur-Seine;634267;2378733;0;1;0;1;Pas de CAB;0;;0;0
87115873;CHAMPBENOIST POIGNY;CHAMPBENOIST POIGNY;GARE DE CHAMPBENOIST POIGNY;Champbenoist;Champbenoist-Poigny;Rue de Champbenoist, 77160 Provins;77368; Poigny;670207;2394493;0;0;0;0;Pas de CAB;0;;0;0
87758177;CHAMPIGNY;CHAMPIGNY;GARE DE CHAMPIGNY;;;;94068; Saint-Maur-des-Fossés;612758;2423185;;;;;;;;;1
87683128;CHAMPIGNY SUR YONNE;CHAMPIGNY SUR YONNE;GARE DE CHAMPIGNY SUR YONNE;;;;89074; Champigny;658919;2369760;;;;;;;;;0
87116509;CHANGIS SAINT-JEAN;CHANGIS SAINT-JEAN;GARE DE CHANGIS ST JEAN;Changis St J;Changis-Saint-Jean;place de la Gare 77660 CHANGIS-SUR-MARNE;77084; Changis-sur-Marne;650494;2440348;0;1;0;1;Pas de CAB;0;;1;0
87381475;CHANTELOUP LES VIGNES;CHANTELOUP LES VIGNES;GARE DE CHANTELOUP LES VIGNES;Chanteloup;Chanteloup-les-Vignes;Avenue Général de Gaulle;78138; Chanteloup-les-Vignes;577377;2441449;1;1;1;0;Pas de CAB;0;;0;0
87276113;CHANTILLY GOUVIEUX;CHANTILLY GOUVIEUX;GARE DE CHANTILLY GOUVIEUX;;;;60141; Chantilly;608978;2465468;;;;;;;;;0
87276162;CHAPONVAL;CHAPONVAL;GARE DE CHAPONVAL;Chaponval;Chaponval;Rue de Chaponval 95430 Auvers-sur-Oise;95039; Auvers-sur-Oise;585788;2452365;0;0;0;0;Pas de CAB;0;;0;0
87758003;CHARLES DE GAULLE ETOILE;CHARLES DE GAULLE ETOILE;CHARLES DE GAULLE ETOILE;;;;75108; Paris;597340;2430815;;;;;;;;;1
87381194;CHARS;CHARS;GARE DE CHARS;;Chars;Place de Verdun 95750 Chars;95142; Chars;570820;2462868;0;1;0;0;Pas de CAB;0;;0;0
87394007;CHARTRES;Chartres;GARE DE CHARTRES;;;;28085; Chartres;536548;2383484;;;;;;;;;0
87682419;CHARTRETTES;CHARTRETTES;GARE DE CHARTRETTES;;Chartrettes;Avenue Galliéni 77770 Chartrettes;77096; Chartrettes;626512;2387650;0;0;0;0;Pas de CAB;0;;1;0
87116582;CHATEAU THIERRY;CHATEAU THIERRY;GARE DE CHATEAU THIERRY;;;;2168; Château-Thierry;678496;2449406;;;;;;;;;0
87545756;CHATEAUDUN;CHATEAUDUN;GARE DE CHATEAUDUN;;;;28088; Châteaudun;525615;2342050;;;;;;;;;0
87758607;CHATELET LES HALLES;Châtelet les Halles;CHATELET LES HALLES;;;;75101; Paris;600801;2428807;;;;;;;;;1
87758060;CHATOU CROISSY;CHATOU CROISSY;GARE DE CHATOU CROISSY;;;;78146; Chatou;586783;2431915;;;;;;;;;1
87116350;CHAUFFRY;CHAUFFRY;GARE DE CHAUFFRY;;;;77436; Saint-Siméon;661598;2423982;;;;;;;;;0
87381228;CHAUMONT EN VEXIN;CHAUMONT EN VEXIN;GARE DE CHAUMONT EN VEXIN;;;;60143; Chaumont-en-Vexin;566143;2473846;;;;;;;;;0
87382333;CHAVILLE RIVE DROITE;CHAVILLE RIVE DROITE;GARE DE CHAVILLE RIVE DROITE;Chaville-RD;Chaville Rive Droite;32 Rue Carnot  92370 Chaville;92022; Chaville;589075;2423759;0;0;0;0;1;2;1;0;0
87393207;CHAVILLE RIVE GAUCHE;CHAVILLE RIVE GAUCHE;GARE DE CHAVILLE RIVE GAUCHE;Chaville RG;Chaville Rive Gauche;29 Rue Anatole France 92370 Chaville;92022; Chaville;589120;2422941;0;1;0;0;Pas de CAB;0;;1;0
87393173;CHAVILLE VELIZY;CHAVILLE VELIZY;GARE DE CHAVILLE VELIZY;Chaville V.;Chaville-Vélizy;1, Place de Verdun 78140   Viroflay ;78686; Viroflay;588788;2422385;0;1;0;;Pas de CAB;0;;1;0
87116111;CHELLES GOURNAY;CHELLES GOURNAY;GARE DE CHELLES GOURNAY;Chelles;Chelles-Gournay;place du grand jardin 77500 Chelles;77108; Chelles;618055;2430698;1;1;1;1;2;5;3;1;0
87546317;CHEMIN D'ANTONY;CHEMIN D'ANTONY;GARE DE CHEMIN D ANTONY;Chemin d'A.;Chemin-d'Antony;Rue Lavoisier 92160   Antony ;92002; Antony;598225;2416624;0;1;0;0;Pas de CAB;0;;0;0
87116574;CHEZY SUR MARNE;CHEZY SUR MARNE;GARE DE CHEZY SUR MARNE;;;;2186; Chézy-sur-Marne;675262;2444237;;;;;;;;;0
87393637;CHILLY MAZARIN;CHILLY MAZARIN;GARE DE CHILLY MAZARIN;Chilly Maz.;Chilly-Mazarin;Rue du Chemin de Fer 91380   Chilly-Mazarin;91161; Chilly-Mazarin;597923;2411360;0;1;0;0;Pas de CAB;0;;1;0
87545285;CHOISY LE ROI;CHOISY LE ROI;GARE DE CHOISY LE ROI;Choisy le R.;Choisy-le-Roi;Avenue du 8 mai 45 94600   Choisy-le-Roi ;94022; Choisy-le-Roi;605477;2418471;1;1;1;0;2;3;3;0;0
87758649;CITE UNIVERSITAIRE;Cité Universitaire;CITE UNIVERSITAIRE;;;;75114; Paris;600296;2424618;;;;;;;;;1
87391565;CLAMART;CLAMART;GARE DE CLAMART;Clamart;Clamart;Place de la Gare 92140 Clamart;92023; Clamart;595337;2423945;1;1;1;0;Pas de CAB;0;1;1;0
87381129;CLICHY LEVALLOIS;CLICHY LEVALLOIS;GARE DE CLICHY LEVALLOIS;Clichy-L.;Clichy-Levallois;5 place du 8 mai 1945 92110 Clichy;92044; Clichy;597203;2433183;1;1;1;0;Pas de CAB;3;;1;0
87393272;COIGNIERES;COIGNIERES;GARE DE COIGNIERES;Coignières;Coignières;Rue de la Gare 78310 Coignières;78168; Coignières;569410;2416213;0;1;0;1;Pas de CAB;0;;1;0
87381087;COLOMBES;COLOMBES;GARE DE COLOMBES;Colombes;Colombes;2-4 Rue St Denis 92700 Colombes;92025; Colombes;594356;2436166;1;1;1;0;1;1;1;0;0
87682146;COMBS LA VILLE QUINCY;COMBS LA VILLE QUINCY;GARE DE COMBS LA VILLE QUINCY;Combs la V.;Combs-la-Ville-Quincy;Avenue de la Gare, 77380 Combs La Ville;77122; Combs-la-Ville;615562;2407644;1;1;1;1;1;0;;1;0
87272047;COMPANS;COMPANS;GARE DE COMPANS;Compans;Compans;Rue saint Lambert 77920 Compans;77123; Compans;624069;2443765;0;0;0;0;Pas de CAB;0;;0;0
87381459;CONFLANS FIN D'OISE;CONFLANS FIN D'OISE;GARE DE CONFLANS FIN D'OISE;Conflans FO;Conflans-fin-d'Oise;Place Geoges Clémenceau;78172; Conflans-Sainte-Honorine;580817;2443481;1;1;1;;3;7;2;2;0
87381897;CONFLANS SAINTE-HONORINE;CONFLANS SAINTE-HONORINE;GARE DE CONFLANS STE HONORINE;Conflans FO;Conflans-Sainte-Honorine;2 Ter Rue Eugène Berrurier 78700 Conflans Ste Honorine;78172; Conflans-Sainte-Honorine;582539;2444350;1;1;1;0;2;4;;2;0
87681007;CORBEIL ESSONNES;CORBEIL ESSONNES;GARE DE CORBEIL ESSONNES;Corbeil;Corbeil-Essonnes;Place Henri Barbusse 91100 Corbeil Essonnes;91174; Corbeil-Essonnes;610134;2401727;1;1;1;1;Pas de CAB;0;;2;0
87381863;CORMEILLES EN PARISIS;CORMEILLES EN PARISIS;GARE DE CORMEILLES EN PARISIS;Cormeilles;Cormeilles-en-Parisis;1 Place Pierre Sémard 95240 Cormeilles en Parisis;95176; Cormeilles-en-Parisis;589514;2441174;1;0;0;0;1;0;;1;0
87116731;COUILLY SAINT-GERMAIN QUINCY;COUILLY SAINT-GERMAIN QUINCY;GARE DE COUILLY ST GERMAIN QUINCY;;Couilly-Saint-Germain-Quincy;Place de la Gare 77860 Saint-Germain-sur-Morin;77413; Saint-Germain-sur-Morin;637980;2431719;0;1;0;0;Pas de CAB;0;;0;0
87116301;COULOMMIERS;COULOMMIERS;GARE DE COULOMMIERS;;Coulommiers;Place du 8 mai 1945 77120 Coulommiers;77131; Coulommiers;654789;2423522;0;1;0;0;Pas de CAB;0;;1;0
87382200;COURBEVOIE;COURBEVOIE;GARE DE COURBEVOIE;Courbevoie;Courbevoie;Rue de Sébastopol 92400 Courbevoie;92026; Courbevoie;593505;2433334;0;1;0;0;Pas de CAB;0;;1;0
87758888;COURCELLE SUR YVETTE;COURCELLE SUR YVETTE;GARE DE COURCELLE SUR YVETTE;;;;91272; Gif-sur-Yvette;582513;2411404;;;;;;;;;1
87116772;CRECY LA CHAPELLE;CRECY LA CHAPELLE;GARE DE CRECY LA CHAPELLE;;Crécy-la-Chapelle;Routes des bouleurs 77580 Crécy-la-Chapelle;77142; Crécy-la-Chapelle;641790;2429174;0;1;0;0;Pas de CAB;0;;1;0
87332965;CREDIT AGRICOLE (DOMMERVILLE);CREDIT AGRICOLE (DOMMERVILLE);CREDIT AGRICOLE (DOMMERVILLE);;;;91016;Angerville;574879;2374705;;;;;;;;;0
87276006;CREIL;CREIL;GARE DE CREIL;;;;60175; Creil;609657;2474053;;;;;;;;;0
87271593;CREPY EN VALOIS;CREPY EN VALOIS;GARE DE CREPY EN VALOIS;;;;60176; Crépy-en-Valois;640231;2470526;;;;;;;;;0
87116640;CROUY SUR OURCQ;CROUY SUR OURCQ;GARE DE CROUY SUR OURCQ;;Crouy-sur-Ourcq;Rue du Houssoy 77840 Crouy-sur-Ourcq;77148; Crouy-sur-Ourcq;653092;2455083;0;1;0;1;Pas de CAB;0;;0;0
87271536;DAMMARTIN JUILLY SAINT-MARD;DAMMARTIN JUILLY SAINT-MARD;GARE DE DAMMARTIN JUILLY ST MARD;;Dammartin-Juilly-Saint-Mard;1 place de la gare 77230 Saint-Mard;77420; Saint-Mard;626505;2448270; ;1;0;0;Pas de CAB;0;;1;0
87758631;DENFERT ROCHEREAU;DENFERT ROCHEREAU;DENFERT ROCHEREAU;;;;75114; Paris;599706;2426214;;;;;;;;;1
87276345;DEUIL MONTMAGNY;DEUIL MONTMAGNY;GARE DE DEUIL MONTMAGNY;Deuil Montm.;Deuil-Montmagny;Avenue du Commandant Manoukian;95197; Deuil-la-Barre;600091;2441960;1;1;1;0;Pas de CAB;0;;1;0
87276436;DOMONT;DOMONT;GARE DE DOMONT;Domont;Domont;PLACE DE LA GARE 95330 DOMONT;95199; Domont;600071;2448290;1;1;1;0;2;0;;1;0
87684233;DORDIVES;DORDIVES;GARE DE DORDIVES;;;;45127; Dordives;631704;2349920;;;;;;;;;0
87545525;DOURDAN;DOURDAN;GARE DE DOURDAN;Dourdan;Dourdan;Place Amédée Guénée 91410   Dourdan ;91200; Dourdan;575856;2392813;0;1;0;0;Pas de CAB;0;;0;0
87540179;DOURDAN LA FORET;DOURDAN LA FORET;GARE DE DOURDAN LA FORET;Dourdan La F;Dourdan-la-Forêt;Chemin du Champ de course 91410   Dourdan;91200; Dourdan;574762;2393047;0;0;0;0;Pas de CAB;0;;0;0
87271403;DRANCY;DRANCY;GARE DE DRANCY;Drancy;Drancy;193, Rue Anatole France, 93700 Drancy;93029; Drancy;608697;2437189;1;1;1;1;1;2;2;1;0
87393488;DREUX;DREUX;GARE DE DREUX;;;;28134; Dreux;528915;2415183;;;;;;;;;0
87276394;ECOUEN EZANVILLE;ECOUEN EZANVILLE;GARE D'ECOUEN EZANVILLE;Ecouen Ez.;Ecouen-Ezanville;PLACE DE LA GARE 95440 ECOUEN;95229; Ezanville;601949;2447182;0;1;1;0;1;0;;1;0
87545475;EGLY;EGLY;GARE D'EGLY;Egly;Egly;Impasse de la Masure 91520   Egly ;91207; Egly;591569;2398199;0;1;0;0;Pas de CAB;0;;1;0
87116046;EMERAINVILLE - PONTAULT COMBAULT;EMERAINVILLE PONTAULT COMBAULT;GARE D'EMERAINVILLE PONTAULT COMBAULT;Emerainville;Emerainville-Pontault-Combault;2 avenue de la gare 77184 Emerainville;77373; Pontault-Combault;620667;2423103;1;1;1;0;1;2;;1;0
87276022;ENGHIEN LES BAINS;ENGHIEN LES BAINS;GARE D'ENGHIEN LES BAINS;Enghien;Enghien-les-Bains;rue du Départ, 95880 Enghien-les-Bains;95210; Enghien-les-Bains;597805;2441649;1;1;1;0;Pas de CAB;0;;1;0
87394114;EPERNON;EPERNON;GARE D'EPERNON;;;;28140; Epernon;547684;2398510;;;;;;;;;0
87545228;EPINAY SUR ORGE;EPINAY SUR ORGE;GARE D'EPINAY SUR ORGE;Epinay / O;Epinay-sur-Orge;1, Place Stalingrad 91360   Epinay-sur-Orge ;91216; Epinay-sur-Orge;599662;2407869;0;1;0;0;Pas de CAB;0;;1;0
87271148;EPINAY SUR SEINE;EPINAY SUR SEINE;GARE D'EPINAY SUR SEINE;Epinay / S.;Epinay-sur-Seine;Place de la Nouvelle Gare, 93800 Epinay-sur-Seine;93031; Epinay-sur-Seine;597506;2439552;0;1;0;0;Pas de CAB;0;;1;0
87271122;EPINAY VILLETANEUSE;EPINAY VILLETANEUSE;GARE D'EPINAY VILLETANEUSE;Epinay V.;Epinay-Villetaneuse;Route de Saint-Leu 93800 Villetaneuse;93031; Epinay-sur-Seine;599439;2440021;1;1;0;0;Pas de CAB;0;;1;0
87276147;EPLUCHES;EPLUCHES;GARE D'EPLUCHES;Epluches;Epluches;Impasse de la Gare 95310 Saint-Ouen-l'Aumône;95572; Saint-Ouen-l'Aumône;584312;2450746;0;0;0;0;Pas de CAB;0;;0;0
87386763;EPONE MEZIERES;EPONE MEZIERES;GARE D'EPONES MEZIERES;Epônes-Méz.;Epône-Mézières;Place de la Gare 78680 Epône;78217; Epône;561323;2440699;0;1;0;0;Pas de CAB;0;;1;0
87381418;ERAGNY NEUVILLE;ERAGNY NEUVILLE;GARE D'ERAGNY NEUVILLE;Eragny-Neuv.;Eragny-Neuville;Place Alexandre Prachay 95610 Eragny sur Oise;95218; Eragny;582031;2446697;0;1;0;0;Pas de CAB;0;;1;0
87276584;ERMONT HALTE;ERMONT HALTE;GARE D'ERMONT HALTE;Ermont Halte;Ermont-Halte;Rue de la Halte 95120 Ermont;95219; Ermont;594634;2443520;1;1;0;0;Pas de CAB;0;;1;0
87276055;ERMONT EAUBONNE;ERMONT EAUBONNE;GARE D'ERMONT EAUBONNE;Ermont Eaub.;;;95219; Ermont;595205;2442502;1;1;1;1;2;4;2;0;0
87116327;ESBLY;ESBLY;GARE D'ESBLY;Esbly;;;77171; Esbly;634794;2433973;1;1;1;0;Pas de CAB;0;;0;0
87681601;ESSONNES ROBINSON;ESSONNES ROBINSON;GARE D'ESSONNES ROBINSON;Essonnes R.;Essonnes-Robinson;Bld Combes Marnes, 91100 Corbeil Essonnes;91174; Corbeil-Essonnes;609442;2400852;0;0;0;0;Pas de CAB;0;;1;0
87545137;ETAMPES;ETAMPES;GARE D'ETAMPES;Etampes;Etampes;Place du Général Leclerc 91150   Etampes;91223; Etampes;586897;2382008;0;1;0;0;1;0;;1;0
87683201;ETIGNY VERON;ETIGNY VERON;GARE D'ETIGNY VERON;;;;89160; Etigny;670960;2349200;;;;;;;;;0
87545145;ETRECHY;ETRECHY;GARE D'ETRECHY;Etréchy;Etréchy;Boulevard Pasteur 91580   Etrechy;91226; Etréchy;589492;2388317;0;1;0;0;Pas de CAB;0;;0;0
87387001;EVREUX;EVREUX;GARE D'EVREUX EMBRANCHEMENT;;;;27229; Evreux;513153;2447374;;;;;;;;;0
87681361;EVRY - Val de Seine;EVRY - Val de Seine;GARE D'EVRY;Evry;Evry;Avenue du Gl Patton 91000 Evry;91228; Evry;608516;2403998;0;1;0;0;Pas de CAB;0;;0;0
87681387;EVRY COURCOURONNES - Centre;EVRY COURCOURONNES - Centre;GARE D'EVRY COURCOURONNES;Evry Courc.;Evry-Courcouronnes;Place des droits de L'homme 91000 Evry;91228; Evry;606801;2403012;1;1;1;1;2;5;8;0;0
87116277;FAREMOUTIERS POMMEUSE;FAREMOUTIERS POMMEUSE;GARE DE FAREMOUTIERS POMMEUSE;;Faremoutiers-Pommeuse;avenue de la Bilbauderie 77515 Pommeuse;77371; Pommeuse;648258;2423549;0;0;0;0;Pas de CAB;0;;0;0
87684241;FERRIERES FONTENAY;FERRIERES FONTENAY;GARE DE FERRIERES FONTENAY;;;;45148; Fontenay-sur-Loing;632455;2344251;;;;;;;;;0
87682427;FONTAINE LE PORT;FONTAINE LE PORT;GARE DE FONTAINE LE PORT;;Fontaine-le-Port;Quai Fernand Soupeaux 77590 Fontaine-le-Port;77188; Fontaine-le-Port;630674;2387714;0;0;0;1;Pas de CAB;0;;0;0
87758763;FONTAINE MICHALON;FONTAINE MICHALON;GARE DE FONTAINE MICHALON;;;;92002; Antony;597063;2416078;;;;;;;;;1
87682211;FONTAINEBLEAU AVON;FONTAINEBLEAU AVON;GARE DE FONTAINEBLEAU AVON;;Fontainebleau-Avon;Place de la gare 77210 Avon;77014; Avon;628874;2379793;1;1;1;0;Pas de CAB;0;;1;0
87758714;FONTENAY AUX ROSES;FONTENAY AUX ROSES;GARE DE FONTENAY AUX ROSES;;;;92032; Fontenay-aux-Roses;596727;2421014;;;;;;;;;1
87393405;FONTENAY LE FLEURY;FONTENAY LE FLEURY;GARE DE FONTENAY LE FLEURY;Fontenay;Fontenay-le-Fleury;Rue Georges Pompidou - D127  78330 Fontenay le Fleury;78242; Fontenay-le-Fleury;578254;2423259;1;1;1;0;1;0;;1;0
87758128;FONTENAY SOUS BOIS;FONTENAY SOUS BOIS;GARE DE FONTENAY SOUS BOIS;;;;94033; Fontenay-sous-Bois;609388;2427238;;;;;;;;;1
87276071;FRANCONVILLE LE PLESSIS BOUCHARD;FRANCONVILLE LE PLESSIS BOUCHARD;GARE DE FRANCONVILLE LE PLESSIS BOUCHARD;Franconville;Franconville-Le Plessis-Bouchard;Place de la gare 95130 Franconville;95252; Franconville;592629;2443909;1;1;0;0;2;0;;1;0
87113894;FREINVILLE SEVRAN (T4);FREINVILLE SEVRAN;FREINVILLE SEVRAN;;Freinville-Sevran;Boulevard d'Aulnay 93270 Sevran;93071; Sevran;613380;2436549;0;0;0;1;Pas de CAB;0;;0;0
87276659;FREPILLON;FREPILLON;GARE DE FREPILLON;Frépillon;Frépillon;Avenue Gaston Bourry 95740 Frépillon;95256; Frépillon;589810;2449807;0;0;0;0;Pas de CAB;0;;0;0
87113514;GAGNY;GAGNY;GARE DE GAGNY;Gagny;Gagny;Place de Verdun 93220 Gagny;93032; Gagny;613963;2431681;1;1;1;1;1;2;1;1;0
87393439;GARANCIERES LA QUEUE;GARANCIERES LA QUEUE;GARE DE GARANCIERES LA QUEUE;Garancières;Garancières-la-Queue;Place de la gare 78890 Garancière la Queue;78265; Garancières;557992;2423706;0;1;0;0;Pas de CAB;0;;0;0
87382259;GARCHES MARNES LA COQUETTE;GARCHES MARNES LA COQUETTE;GARE DE GARCHES MARNES LA COQUETTE;Garches;;;92033; Garches;589010;2426672;1;1;1;1;1;2;;1;0
87271023;GARE DU NORD;GARE DU NORD;GARE DU NORD RER;;;;75110;;601529;2431239;;;;;;;;;1
87113860;GARGAN (T4);GARGAN;GARGAN;;Gargan;Boulevard Louis Pasteur 93320 Les Pavillons sous Bois;93057; Livry-Gargan;613259;2434455;0;0;0;1;Pas de CAB;0;;0;0
87381566;GARGENVILLE;GARGENVILLE;GARE DE GARGENVILLE;Gargenville;Gargenville;Place de la Gare 78440 Gargenville;78267; Gargenville;561355;2442892;0;1;0;0;Pas de CAB;0;;0;0
87276196;GARGES SARCELLES;GARGES SARCELLES;GARE DE GARGES SARCELLES;Garges S.;Garges-Sarcelles;Boulevard Maurice Thorez 95140 Garges les Gonesses;95268; Garges-les-Gonesse;603969;2442086;1;1;1;1;1;2;1;1;0
87393348;GAZERAN;GAZERAN;GARE DE GAZERAN;;Gazeran;Rue du Château d'Eau 78125 Gazeran;78269; Gazeran;558278;2403186;0;0;0;1;Pas de CAB;0;;0;0
87271205;GENNEVILLIERS;GENNEVILLIERS;GARE DE GENNEVILLIERS;Gennevill.;;;92036; Gennevilliers;597844;2437276;0;1;0;0;1;2;2;1;0
87758656;GENTILLY;GENTILLY;GARE DE GENTILLY;;;;94037; Gentilly;600331;2424086;;;;;;;;;1
87758870;GIF SUR YVETTE;GIF SUR YVETTE;GARE DE GIF SUR YVETTE;;;;91272; Gif-sur-Yvette;585285;2411110;;;;;;;;;1
87381244;GISORS;GISORS;GARE DE GISORS;;;;27284; Gisors;559847;2476541;;;;;;;;;0
87276246;GOUSSAINVILLE;GOUSSAINVILLE;GARE DE GOUSSAINVILLE;Goussainv.;Goussainville;Place du 8 mai 1945 95190 Goussainvilles;95280; Goussainville;609269;2447338;1;1;0;1;1;0;;0;0
87681353;GRAND BOURG;GRAND BOURG;GARE DE GRAND BOURG;Grand Bourg;Grand-Bourg;Passage à niveau n°1O  Grand bourg 91000 Evry;91521; Evry;607365;2405486;0;1;0;0;Pas de CAB;0;;0;0
87393645;GRAVIGNY BALIZY;GRAVIGNY BALIZY;GARE DE GRAVIGNY BALIZY;Gravigny B.;Gravigny-Balizy;Rue des Templiers 91160   Longjumeau ;91345; Longjumeau;598612;2409631;0;1;0;0;Pas de CAB;0;;0;0
87116012;GRETZ ARMAINVILLIERS;GRETZ ARMAINVILLIERS;GARE DE GRETZ ARMAINVILLIERS;Gretz;Gretz-Armainvilliers;Avenue de la Liberté 77220 Gretz-Armainvilliers;77215; Gretz-Armainvilliers;628860;2416398;0;1;0;;Pas de CAB;0;;0;0
87681379;GRIGNY CENTRE;GRIGNY CENTRE;GARE DE GRIGNY CENTRE;Grigny;Grigny-Centre ;Route de Corbeil 91350 Grigny centre;91286; Grigny;604390;2406107;1;1;1;1;1;2;4;0;0
87276592;GROS NOYER SAINT-PRIX;GROS NOYER SAINT-PRIX;GARE DE GROS NOYER ST PRIX;Gros Noyer;Gros-Noyer-Saint-Prix;Rue du gros Noyer 95120 Ermont;95219; Ermont;594300;2444335;1;1;0;0;Pas de CAB;0;;1;0
87276360;GROSLAY;GROSLAY;GARE DE GROSLAY;Groslay;Groslay;Rue Charles de Gaulles;95288; Groslay;601247;2442937;1;1;1;1;Pas de CAB;2;;1;0
87116269;GUERARD LA CELLE SUR MORIN;GUERARD LA CELLE SUR MORIN;GARE DE GUERARD LA CELLE SUR MORIN;;Guérard-La Celle-sur-Morin;PLACE DE LA GARE 77580 GUERARD;77219; Guérard;645440;2423730;0;0;0;0;Pas de CAB;0;;0;0
87545129;GUILLERVAL;GUILLERVAL;GARE DE GUILLERVAL;;;;91294; Guillerval;579491;2375083;0;0;0;0;Pas de CAB;0;;0;0
87281899;HAUSSMANN SAINT-LAZARE;HAUSSMANN SAINT-LAZARE;HAUSSMANN ST LAZARE;Haussmann;Paris Saint-Lazare;13 Rue d'Amsterdam 75008 Paris;75109; Paris;599394;2430580;1;1;1;1;5;7;58;0;0
87381889;HERBLAY;HERBLAY;GARE DE HERBLAY;Herblay;Herblay;Place Gabriel Peri 95220 Herblay;95306; Herblay;587220;2443593;0;1;0;0;1;0;;1;0
87682435;HERICY;HERICY;GARE DE HERICY;;Héricy;Avenue Fernand Dalaine 77850 Hericy;77226; Héricy;631375;2382752;0;0;0;1;Pas de CAB;0;;0;0
87393462;HOUDAN;HOUDAN;GARE DE HOUDAN;Houdan;Houdan;Boulevard de la Gare 78550 Houdan;78310; Houdan;546028;2422206;0;1;0;0;Pas de CAB;2;;0;0
87386409;HOUILLES CARRIERES SUR SEINE;HOUILLES CARRIERES SUR SEINE;GARE DE HOUILLES CARRIERES SUR SEINE;Houilles-C.;Houilles-Carrières-sur-Seine;Place André Malraux (Rond point);78311; Houilles;588854;2435854;1;1;1;1;3;4;1;1;0
87393561;IGNY;IGNY;GARE D'IGNY;Igny;Igny;1, Avenue Jean Jaurès 91430   Igny ;91312; Igny;592247;2415729;0;1;0;0;Pas de CAB;0;;0;0
87393033;INVALIDES;INVALIDES;INVALIDES;Invalides;Invalides;2, Rue Esnault Pelterie 75007   Paris ;75107; Paris;598245;2429338;0;1;1;1;1;3;10;0;0
87116616;ISLES ARMENTIERES CONGIS;ISLES ARMENTIERES CONGIS;GARE D'ISLES ARMENTIERES CONGIS;;Isles-Armentières-Congis;Rue de la gare 77440 Isles-les-Meldeuses;77231; Isles-les-Meldeuses;649130;2444652;;;;;;;;;0
87381574;ISSOU PORCHEVILLE;ISSOU PORCHEVILLE;GARE D'ISSOU PORCHEVILLE;Issou Porch.;Issou-Porcheville;Rue de la Gare 78440 Issou;78314; Issou;559608;2442490;0;0;0;1;Pas de CAB;0;;0;0
87393074;ISSY;ISSY;GARE D'ISSY;Issy;Issy;87, Avenue de Verdun 92130   Issy-les-Moulineaux ;92040; Issy-les-Moulineaux;594329;2424633;1;1;1;0;1;0;;0;0
87393306;ISSY VAL DE SEINE;ISSY VAL DE SEINE;GARE D'ISSY VAL DE SEINE;Issy V. de S;Issy Val-de-Seine;87, Avenue de Verdun 92130   Issy-les-Moulineaux ;92040; Issy-les-Moulineaux;594615;2425670;1;0;0;0;1;2;2;0;0
87545301;IVRY SUR SEINE;IVRY SUR SEINE;GARE D'IVRY SUR SEINE;Ivry / Seine;Ivry-sur-Seine;Place Marcel Cachin 94200   Ivry-sur-Seine ;94041; Ivry-sur-Seine;604009;2424000;1;1;0;0;1;0;;1;0
87393066;JAVEL;JAVEL;JAVEL;Javel;Javel;Rond point du Pont Mirabeau 75015   Paris;75115; Paris;595620;2427536;1;1;0;0;1;0;;0;0
87683243;JOIGNY;JOIGNY;GARE DE JOIGNY;;;;89206; Joigny;678960;2331004;;;;;;;;;0
87758144;JOINVILLE LE PONT;JOINVILLE LE PONT;GARE DE JOINVILLE LE PONT;;;;94042; Joinville-le-Pont;609353;2424744;;;;;;;;;1
87394155;JOUY;JOUY;GARE DE JOUY;;;;28201; Jouy;542505;2390547;;;;;;;;;0
87393512;JOUY EN JOSAS;JOUY EN JOSAS;GARE DE JOUY EN JOSAS;Jouy en J.;Jouy-en-Josas;Avenue Jean Jaurès 78350   Jouy-en-Josas ;78322; Jouy-en-Josas;587274;2418511;0;1;0;0;Pas de CAB;0;;1;0
87430918;JOUY SUR MORIN CHAMPGOULIN;JOUY SUR MORIN CHAMPGOULIN;CHAMPGOULIN;;;;77240; Jouy-sur-Morin;667619;2421868;;;;;;;;;0
87430900;JOUY SUR MORIN EUSTACHE;JOUY SUR MORIN EUSTACHE;EUSTACHE LENOIR;;;;77240; Jouy-sur-Morin;668397;2422611;;;;;;;;;0
87430884;JOUY SUR MORIN MONUMENT;JOUY SUR MORIN MONUMENT;JOUY SUR MORIN MONUMENT;;;;77240; Jouy-sur-Morin;668922;2421772;;;;;;;;;0
87545244;JUVISY;JUVISY;GARE DE JUVISY;Juvisy;;;91326; Juvisy-sur-Orge;603440;2410102;1;1;0;1;2;9;1;0;0
87381558;JUZIERS;JUZIERS;GARE DE JUZIERS;Juziers;Juziers;Avenue de la Gare 78820 Juziers;78327; Juziers;564059;2443912;0;1;0;1;Pas de CAB;0;;0;0
87271171;LA BARRE ORMESSON;LA BARRE ORMESSON;GARE DE LA BARRE ORMESSON;La Barre O.;Barre-Ormesson (La);2? Rue de la Concorde, 95170 Deuil La Barre;95197; Deuil-la-Barre;598544;2440910;1;1;1;0;Pas de CAB;1;;1;0
87276287;LA BORNE BLANCHE;LA BORNE BLANCHE;GARE DE LA BORNE BLANCHE;Borne Blanch;;;60482; Orry-la-Ville;612501;2458661;;;;;;;;;0
87382432;LA CELLE SAINT-CLOUD;LA CELLE SAINT-CLOUD;GARE DE LA CELLE ST CLOUD;La Celle;Celle-Saint-Cloud (La);Place Jean Mermoz 78170 La Celle Saint Cloud;78126; La Celle-Saint-Cloud;585419;2427150;1;1;1;0;Pas de CAB;0;;1;0
87271304;LA COURNEUVE AUBERVILLIERS;LA COURNEUVE AUBERVILLIERS;GARE DE LA COURNEUVE AUBERVILLIERS;La Courneuve;Courneuve-Aubervilliers (La);Av Victor Hugo, 93120 La Courneuve;93027; La Courneuve;603531;2436171;1;1;0;1;Pas de CAB;1;;0;0
87758748;LA CROIX DE BERNY;LA CROIX DE BERNY;GARE DE LA CROIX DE BERNY FRESNES;;;;92002; Antony;597674;2418219;;;;;;;;;1
87382218;LA DEFENSE GRANDE ARCHE;LA DEFENSE GRANDE ARCHE;GARE DE LA DEFENSE;La Défense;La Defense;Rue Carpeaux - 92800 Puteaux;92062; Courbevoie;592793;2432805;1;0;0;1;2;2;7;0;0
87758011;LA DEFENSE GRANDE ARCHE;LA DEFENSE GRANDE ARCHE;GARE DE LA DEFENSE RER A;;;;92062;;592742;2432654;;;;;;;;;1
87681452;LA FERTE ALAIS;LA FERTE ALAIS;GARE DE LA FERTE ALAIS;Ferté Alais;Ferté-Alais (La);14 Avenue G. Leclerc 91590 La Fertais Alais;91232; La Ferté-Alais;601125;2387328;0;1;0;0;Pas de CAB;0;1;1;0
87116392;LA FERTE GAUCHER;LA FERTE GAUCHER;GARE DE LA FERTE GAUCHER;;;;77182; La Ferté-Gaucher;670660;2420906;;;;;;;;;0
87430819;LA FERTE GAUCHER CENTRE;LA FERTE GAUCHER CENTRE;LA FERTE GAUCHER CENTRE;;;;77182; La Ferté-Gaucher;671351;2420870;;;;;;;;;0
87116673;LA FERTE MILON;LA FERTE MILON;GARE DE LA FERTE MILON;;;;2307; La Ferté-Milon;657241;2464920;;;;;;;;;0
87116517;LA FERTE SOUS JOUARRE;LA FERTE SOUS JOUARRE;GARE DE LA FERTE SOUS JOUARRE;Ferté sous J;Ferté-sous-Jouarre (La);10 place de la gare 77260 le Ferté-sous-Jouarre;77183; La Ferté-sous-Jouarre;657816;2439464;0;1;0;1;Pas de CAB;0;;1;0
87381871;LA FRETTE MONTIGNY;LA FRETTE MONTIGNY;GARE DE LA FRETTE MONTIGNY;La Frette M;Frette Montigny (La);Place de la Gare 95530 La Frette Sur Seine;95257; La Frette-sur-Seine;588549;2442457;0;1;0;0;Pas de CAB;0;;1;0
87386003;LA GARENNE COLOMBES;LA GARENNE COLOMBES;GARE DE LA GARENNE COLOMBES;La Garenne;;;92035; La Garenne-Colombes;592916;2434579;0;1;0;0;2;2;1;1;0
87682476;LA GRANDE PAROISSE;LA GRANDE PAROISSE;GARE DE LA GRANDE PAROISSE;;Grande Paroisse (La);Cité de la Gare 77130 La grande Paroisse;77210; La Grande-Paroisse;641563;2375673;0;0;0;0;Pas de CAB;0;;0;0
87758862;LA HACQUINIERE;LA HACQUINIERE;GARE DE LA HACQUINIERE;;;;91122; Bures-sur-Yvette;586498;2410706;;;;;;;;;1
87545459;LA NORVILLE SAINT-GERMAIN LES ARPAJON;LA NORVILLE SAINT-GERMAIN LES ARPAJON;GARE DE LA NORVILLE ST GERMAIN LES ARPAJON;La Norville;Norville-Saint-Germain-les-Arpajon (La);Rue de la Gare 91290   La Norville;91457; La Norville;594901;2399217;1;1;0;0;Pas de CAB;0;;0;0
87164798;LA PLAINE STADE DE FRANCE - Saint-Denis Aubervilliers;LA PLAINE STADE DE FRANCE - Saint-Denis Aubervilliers;GARE DE LA PLAINE STADE DE FRANCE;La Plaine;La Plaine Stade de France;Av du Stade de France, 93210 La Plaine Saint Denis.;93066; Saint-Denis;601917;2435557;1;1;0;1;2;2;2;1;0
87758185;LA VARENNE CHENNEVIERES;LA VARENNE CHENNEVIERES;GARE DE LA VARENNE CHENNEVIERES;;;;94068; Saint-Maur-des-Fossés;612984;2421854;;;;;;;;;1
87393256;LA VERRIERE;LA VERRIERE;GARE DE LA VERRIERE;La Verriere;Verrière (La);Avenue Guy Schuler 78320 La Verrières;78644; La Verrière;571114;2417530; ;1;1;0;1;0;;1;0
87381202;LA VILLETERTRE;LA VILLETERTRE;GARE DE LA VILLETERTRE;;;;60356; Lavilletertre;569658;2467266;;;;;;;;;0
87113886;L'ABBAYE (T4);L'ABBAYE;L ABBAYE;;Abbaye (L');Avenue de la Gare de l'Abbaye, 93600 Livry-Gargan;93046; Livry-Gargan;613225;2436020;0;0;0;1;Pas de CAB;0;;0;0
87116319;LAGNY THORIGNY;LAGNY THORIGNY;GARE DE LAGNY THORIGNY;Lagny;Lagny-Thorigny;2 rue de la gare 77400 Thorigny-sur-Marne;77464; Thorigny-sur-Marne;626976;2431586;1;1;1;;1;0;1; ;0
87758664;LAPLACE;LAPLACE;GARE DE LAPLACE;;;;94003; Arcueil;599805;2423230;;;;;;;;;1
87545160;LARDY;LARDY;GARE DE LARDY;Lardy;Lardy;Rue de la Roche qui Tourne 91510   Lardy ;91330; Lardy;594004;2391348;0;1;0;0;Pas de CAB;0;;1;0
87683268;LAROCHE MIGENNES;LAROCHE MIGENNES;GARE DE LAROCHE MIGENNES;;;;89257; Migennes;687862;2329718;;;;;;;;;0
87271478;LE BLANC MESNIL;LE BLANC MESNIL;GARE DE BLANC MESNIL;Blanc-Mesnil;Blanc-Mesnil (Le);Rue Pierre Semard, 93150, Le Blanc Mesnil;93007; Le Blanc-Mesnil;610328;2437146;1;1;1;1;1;0;2;0;0
87271395;LE BOURGET;LE BOURGET;GARE DU BOURGET;Le Bourget;Bourget (Le);Place des Déportés, 93350 Le Bourget;93013; Le Bourget;606545;2436965;1;1;1;1;2;0;1;1;0
87681395;LE BRAS DE FER - Evry Génopole;LE BRAS DE FER - Evry Génopole;GARE DU BRAS DE FER;Bras de Fer;Bras-de-Fer (Le);Place du Commandant Charcot / Bld des Coquibus 9100  Evry;91228; Evry;608432;2402739;0;0;1;1;1;0;4;1;0
87113522;LE CHENAY GAGNY;LE CHENAY GAGNY;GARE DE CHENAY GAGNY;Chenay-Gagny;Chénay-Gagny (Le);5 rue du chemin de fer 93220 Gagny;93032; Gagny;615860;2431016;1;1;1;1;2;3;2;1;0
87681635;LE COUDRAY MONTCEAUX;LE COUDRAY MONTCEAUX;GARE DE COUDRAY MONTCEAUX;Coudray Mont;Coudray-Montceaux (Le);Avenue du Coudray, Place de la Gare 91830 Le Coudray Montceaux;91179; Le Coudray-Montceaux;611535;2396417;0;0;0;0;Pas de CAB;0;;0;0
87758839;LE GUICHET;LE GUICHET;GARE DU GUICHET;;;;91471; Orsay;589312;2411829;;;;;;;;;1
87682179;LE MEE;LE MEE;GARE DU MEE;Le Mée;Mée (Le);Allée de la Gare 77350 Le Mée;77285; Le Mée-sur-Seine;621240;2393505;1;1;1;1;1;0;2;1;0
87758169;LE PARC DE SAINT-MAUR;LE PARC DE SAINT-MAUR;GARE DU PARC DE ST MAUR;;;;94068; Saint-Maur-des-Fossés;610959;2422981;;;;;;;;;1
87393298;LE PERRAY;LE PERRAY;GARE DU PERRAY;Le Perray;Perray (Le);Place de la Gare 78610 Le Perray en Yvelines;78486; Le Perray-en-Yvelines;564634;2410556;0;0;0;0;Pas de CAB;0;;1;0
87271551;LE PLESSIS BELLEVILLE;LE PLESSIS BELLEVILLE;GARE DU PLESSIS BELLEVILLE;;;;60500; Le Plessis-Belleville;629830;2455427;;;;;;;;;0
87681627;LE PLESSIS CHENET;LE PLESSIS CHENET;GARE DU PLESSIS CHENET;Plessis Ch;Plessis-Chenet (Le);Gare SNCF 91830 Coudray Montceaux;91179; Le Coudray-Montceaux;610565;2397181;0;0;0;0;Pas de CAB;0;;0;0
87113472;LE RAINCY VILLEMOMBLE MONTFERMEIL;LE RAINCY VILLEMOMBLE MONTFERMEIL;GARE DU RAINCY VILLEMOMBLE;Le Raincy;Raincy-Villemomble-Montfermeil (Le);Cour de la gare 93340 Le Raincy;93062; Le Raincy;612881;2432346;1;1;1;1;Pas de CAB;0;1;0;0
87381095;LE STADE;LE STADE;GARE DU STADE;Le Stade;Stade (Le);Boulevard de Finlande 92700 Colombes;92025; Colombes;594445;2437035;0;0;0;0;Pas de CAB;0;1;1;0
87382366;LE VAL D'OR;LE VAL D'OR;GARE DU VAL D OR;Le Val-d'Or;Val-d'Or (Le);33, Avenue Alfred Belmontet 92210 Saint Cloud;92064; Saint-Cloud;591209;2428737;0;1;1;1;2;0;2;0;0
87681247;LE VERT DE MAISONS;LE VERT DE MAISONS;GARE DU VERT DE MAISONS;Vert de M;Vert-de-Maisons (Le);Avenue de la Liberté 94700 Maisons Alfort;94046; Maisons-Alfort;607032;2421172;1;1;0;1;Pas de CAB;0;;1;0
87758078;LE VESINET CENTRE;LE VESINET CENTRE;GARE DU VESINET CENTRE;;;;78650; Le Vésinet;585192;2432465;;;;;;;;;1
87758086;LE VESINETLE PECQ;LE VESINETLE PECQ;GARE DU VESINET LE PECQ;;;;78650; Le Vésinet;584282;2433353;;;;;;;;;1
87492108;LES ARDOINES;LES ARDOINES;GARE DES ARDOINES;Les Ardoines;Ardoines (Les);Rue Léon Geoffroy 94400   Vitry-sur-Seine ;94081; Vitry-sur-Seine;605341;2420491;0;1;0;0;Pas de CAB;0;;1;0
87758771;LES BACONNETS;LES BACONNETS;GARE DES BACONNETS;;;;92002; Antony;596391;2415677;;;;;;;;;1
87113779;LES BOULLEREAUX CHAMPIGNY;LES BOULLEREAUX CHAMPIGNY;GARE DES BOULLEREAUX CHAMPIGNY;Boullereaux;Boullereaux-Champigny (Les);Avenue Danielle Casanova 94500 Champigny sur Marne ;94017; Champigny-sur-Marne;612900;2425186;1;1;1;1;1;2;2;1;0
87386664;LES CLAIRIERES DE VERNEUIL;LES CLAIRIERES DE VERNEUIL;GARE DES CLAIRIERES DE VERNEUIL;Clairières;Clairières de Verneuil (Les);Place de la Résistance 78480 Verneuil Sur Seine;78642; Verneuil-sur-Seine;572076;2443870;1;1;0;0;Pas de CAB;0;1;1;0
87113845;LES COQUETIERS (T4);LES COQUETIERS;LES COQUETIERS;;;;93077; Bondy;611873;2432679;0;0;0;1;Pas de CAB;0;;0;0
87393280;LES ESSARTS LE ROI;LES ESSARTS LE ROI;GARE DES ESSARTS LE ROI;Les Essarts;Essarts-le-Roi (Les);Rue de la Cité 78690 Les Essarts Le Roi;78220; Les Essarts-le-Roi;567079;2413743;0;1;0;0;Pas de CAB;0;;1;0
87272146;LES GRESILLONS;LES GRESILLONS;GARE DES GRESILLONS;Grésillons;Grésillons (Les);Avenue des Gresillons 923230 Genneviliers;92036; Gennevilliers;598402;2435767;0;0;0;0;1;0;1;1;0
87386680;LES MUREAUX;LES MUREAUX;GARE DES MUREAUX;Les Mureaux;Mureaux (Les);Place du 8 Mai 1945 78130 Les Mureaux;78440; Les Mureaux;568991;2443920;1;1;1;0;2;0;;0;0
87276238;LES NOUES;LES NOUES;GARE DES NOUES;Les Noues;Noues (Les);Rue des Bergeronnettes;95280; Goussainville;610250;2448273; ;1;0;0;Pas de CAB;0;;1;0
87113852;LES PAVILLONS SOUS BOIS (T4);LES PAVILLONS SOUS BOIS;LES PAVILLONS SOUS BOIS T4;;Pavillons-sous-Bois (Les);Boulevard Louis Pasteur 93320 Les Pavillons sous Bois;93057; Les Pavillons-sous-Bois;612830;2433772;0;0;0;1;Pas de CAB;0;;0;0
87546226;LES SAULES;LES SAULES;GARE DES SAULES;Les Saules;Saules (Les);Voie les Saules 94310   Orly ;94054; Orly;605946;2416325;0;1;0;0;Pas de CAB;0;;0;0
87386300;LES VALLEES;LES VALLEES;GARE DES VALLEES;Les Vallées;Vallées (Les);Place des la gare des Vallées 92250 La Garenne Colombes;92035; La Garenne-Colombes;594232;2435024;0;1;0;0;Pas de CAB;0;;1;0
87113803;LES YVRIS - NOISY LE GRAND;LES YVRIS NOISY LE GRAND;GARE DES YVRIS NOISY LE GRAND;Les Yvris;Yvris-Noisy-le-Grand (Les);avenue du bois St Martin 93160 Noisy le Grand;93051; Noisy-le-Grand;617874;2425006;0;1;0;1;Pas de CAB;0;2;1;0
87382473;L'ETANG LA VILLE;L'ETANG LA VILLE;GARE DE L ETANG LA VILLE;L'Etang-la-V;;;78224; L'Etang-la-Ville;580936;2430013;0;0;0;0;Pas de CAB;0;;1;0
87381210;LIANCOURT SAINT PIERRE;LIANCOURT SAINT PIERRE;GARE DE LIANCOURT ST PIERRE;;;;60361; Liancourt-Saint-Pierre;568575;2469267;;;;;;;;;0
87682153;LIEUSAINT MOISSY;LIEUSAINT MOISSY;GARE DE LIEUSAINT MOISSY;Lieusaint M.;Lieusaint-Moissy;Gare SNCF 77127 Lieusaint;77296; Moissy-Cramayel;617223;2403341;1;1;1;1;2;3;3;0;0
87381582;LIMAY;LIMAY;GARE DE LIMAY;Limay;Limay;Boulevard Pasteur 78520 Limay;78335; Limay;556834;2443052;0;1;0;0;Pas de CAB;0;;0;0
87276527;L'ISLE ADAM PARMAIN;L'ISLE ADAM PARMAIN;GARE DE L ISLE ADAM PARMAIN;L'Isle Adam;Isle-Adam-Parmain (L');Rue Raymond Poincaré, 95290 Parmain;95480; Parmain;590727;2457350;0;1;0;0;Pas de CAB;0;;1;0
87682401;LIVRY SUR SEINE;LIVRY SUR SEINE;GARE DE LIVRY SUR SEINE;;Livry-sur-Seine;Rue de Melun 77000 Livry-sur- Seine;77255; Livry-sur-Seine;625330;2390205;0;0;0;0;Pas de CAB;0;;1;0
87116632;LIZY SUR OURCQ;LIZY SUR OURCQ;GARE DE LIZY SUR OURCQ;;;;77257; Lizy-sur-Ourcq;650871;2447274;0;1;0;1;Pas de CAB;0;;0;0
87758367;LOGNES;LOGNES;GARE DE LOGNES;;;;77258; Lognes;621858;2426771;;;;;;;;;1
87393611;LONGJUMEAU;LONGJUMEAU;GARE DE LONGJUMEAU;Longjumeau;Longjumeau;Place de la Gare 91160   Longjumeau ;91345; Longjumeau;596898;2411515;1;1;0;0;Pas de CAB;0;;1;0
87116137;LONGUEVILLE;LONGUEVILLE;GARE DE LONGUEVILLE;Longueville;Longueville;Rue de Verdun 77650 Longueville;77260; Longueville;667488;2390918;0;0;0;0;Pas de CAB;0;;1;0
87382457;LOUVECIENNES;LOUVECIENNES;GARE DE LOUVECIENNES;Louveciennes;;;78350; Louveciennes;584332;2429213;0;0;0;0;Pas de CAB;0;;1;0
87276253;LOUVRES;LOUVRES;GARE DE LOUVRES;Louvres;Louvres;Place de la Gare 95380 Louvres;95351; Louvres;612122;2450178;1;1;1;;1;0;;0;0
87758821;LOZERE;LOZERE;GARE DE LOZERE;;;;91477; Palaiseau;590803;2411961;;;;;;;;;1
87758615;LUXEMBOURG;LUXEMBOURG;LUXEMBOURG;;;;75105; Paris;600298;2427629;;;;;;;;;1
87276576;LUZARCHES;LUZARCHES;GARE DE LUZARCHES;Luzarches;Luzarches;Boulevard de La Fraternité, 95270 Luzarches;95352; Luzarches;606095;2457681;1;1;1;1;Pas de CAB;0;;1;0
87988717;LYCEE HENRI SELLIER (T4);LYCEE HENRI SELLIER;LYCEE HENRI SELLIER;;;;93046; Livry-Gargan;613090;2435392;0;0;0;1;Pas de CAB;0;;0;0
87281873;MAGENTA;MAGENTA;MAGENTA;Magenta;Magenta;160 rue La Fayette 75010 Paris;75110; Paris;601528;2431239;1;1;1;1;2;6;42;0;0
87394130;MAINTENON;MAINTENON;GARE DE MAINTENON;;;;28227; Maintenon;545086;2398780;;;;;;;;;0
87681155;MAISONS ALFORT ALFORTVILLE;MAISONS ALFORT ALFORTVILLE;GARE DE MAISONS ALFORT ALFORTVILLE;Mais. Alfort;Maisons-Alfort-Alfortville;1 Place Jean Moulin 94149 Maison Alfort;94046; Alfortville;606624;2422625;0;1;0;1;Pas de CAB;0;;1;0
87386425;MAISONS LAFFITTE;MAISONS LAFFITTE;GARE DE MAISONS LAFFITTE;Maisons-L.;Maisons-Laffitte;Place de la Libération par l'avenue du Général De Gaulle;78358; Maisons-Laffitte;585938;2438651;0;1;0;1;1;1;2;1;0
87681486;MAISSE;MAISSE;GARE DE MAISSE;Maisse;Maisse;Rue de Milly 91720 Maisse;91359; Maisse;604216;2377190;0;1;0;0;Pas de CAB;0;;1;0
87684415;MALESHERBES;MALESHERBES;GARE DE MALESHERBES;Malesherbes;;;45191; Malesherbes;604788;2366042;;;;;;;;;0
87381509;MANTES LA JOLIE;MANTES LA JOLIE;GARE DE MANTES LA JOLIE;Mantes-la-J.;Mantes-la-Jolie;Place du 8 Mai 1945 78200 Mantes la Jolie;78361; Mantes-la-Jolie;553629;2443692;1;1;1;0;Pas de CAB;5;5;1;0
87381590;MANTES STATION;MANTES STATION;GARE DE MANTES STATION;Mantes-Stat.;Mantes-Station;Place de l'Europe 78200 Mantes la Ville;78361; Mantes-la-Jolie;554527;2443009;1;1;1;1;2;0;;1;0
87393470;MARCHEZAIS BROUE;MARCHEZAIS BROUE;GARE DE MARCHEZAIS BROUE;;;;28235; Marchezais;539466;2419205;;;;;;;;;0
87381715;MAREIL SUR MAULDRE;MAREIL SUR MAULDRE;GARE DE MAREIL SUR MAULDRE;Mareil sur M;Mareil-sur-Mauldre;Rue Christian Puillard 78124 Mareil Sur Mauldre;78368; Mareil-sur-Mauldre;565909;2432854;0;0;0;0;Pas de CAB;0;;0;0
87382812;MAREIL MARLY;MAREIL MARLY;GARE DE MAREIL MARLY;Mareil Marly;;;78367; Mareil-Marly;581127;2431489;0;0;0;1;Pas de CAB;0;;0;0
87116665;MAREUIL SUR OURCQ;MAREUIL SUR OURCQ;GARE DE MAREUIL SUR OURCQ;;;;60280; Gourchelles;653949;2459972;;;;;;;;;0
87116228;MARLES EN BRIE;MARLES EN BRIE;GARE DE MARLES EN BRIE;;Marles-en-Brie;CHEMIN DE FER 77610 LA HOUSSAIE EN BRIE;77229; Marles-en-Brie;639211;2415345;0;1;0;0;Pas de CAB;0;;0;0
87382465;MARLY LE ROI;MARLY LE ROI;GARE DE MARLY LE ROI;Marly-le-Roi;Marly-le-Roi;Rue Carnot 78160 Marly le Roi;78372; Marly-le-Roi;582393;2430364;0;1;0;0;Pas de CAB;0;;2;0
87754994;MARNE LA VALLEE CHESSY;MARNE LA VALLEE CHESSY;GARE DE MARNE LA VALLEE CHESSY;;;;77111; Chessy;632764;2430346;;;;;;;;;1
87545186;MAROLLES EN HUREPOIX;MAROLLES EN HUREPOIX;GARE DE MAROLLES EN HUREPOIX;Marolles;Marolles-en-Hurepoix;Place de la Gare 91630   Marolles-en-Hurepoix ;91376; Marolles-en-Hurepoix;596629;2396330;1;1;0;0;Pas de CAB;0;;1;0
87393579;MASSY PALAISEAU;MASSY PALAISEAU;GARE DE MASSY PALAISEAU RER C;Massy P.;Massy-Palaiseau;6, Place Pierre Sémard 91300   Massy ;91377; Massy;594118;2414046;1;1;0;0;1;0;;0;0
87383281;MASSY VERRIERES;MASSY VERRIERES;GARE DE MASSY VERRIERES RER C;Massy V.;Massy-Verrières;2 bis, Avenue de la Gare  91300   Massy ;91377; Massy;595337;2415144;0;0;0;0;Pas de CAB;0;;0;0
87381723;MAULE;MAULE;GARE DE MAULE;Maule;Maule;20 Boulevard Paul Barré 78580 Maule;78380; Maule;564827;2434642;0;1;0;0;Pas de CAB;0;;0;0
87381483;MAURECOURT;MAURECOURT;GARE DE MAURECOURT;Maurécourt;Maurecourt;Rue de Bel Air 78570 Andrésy;78015; Andrésy;579728;2443253;0;1;0;0;Pas de CAB;0;;1;0
87116103;MEAUX;MEAUX;GARE DE MEAUX;Meaux;Meaux;Place de la gare 77100 Meaux;77284; Meaux;639385;2440056;0;1;0;1;Pas de CAB;0;;1;0
87682005;MELUN;MELUN;GARE DE MELUN;Melun;Melun;Place de Galliéni 77000 Melun;77288; Melun;623561;2392141;1;1;1;1;1;0;0;1;0
87381616;MENERVILLE;MENERVILLE;GARE DE MENERVILLE;;Ménerville;Place de la Gare 78200 Ménerville;78385; Ménerville;546128;2441173;;;;;;;;;0
87681411;MENNECY;MENNECY;GARE DE MENNECY;Mennecy;Mennecy;Place du 8 mai 1945 91540 Mennecy;91386; Mennecy;607142;2396933;0;1;0;0;Pas de CAB;0;;1;0
87276675;MERIEL;MERIEL;GARE DE MERIEL;Mériel;Mériel;Rue Théodore Rousseau 95630 Meriel;95392; Mériel;590413;2453324; ;1;0;0;Pas de CAB;0;;1;0
87276667;MERY SUR OISE;MERY SUR OISE;GARE DE MERY SUR OISE;Méry / Oise;Méry-sur-Oise;Avenue Marcel Perrin 95540 Mery Sur Oise;95394; Méry-sur-Oise;589342;2451077; ;1;0;0;Pas de CAB;0;;1;0
87393108;MEUDON;MEUDON;GARE DE MEUDON;Meudon;Meudon;Place du 8 Mai 1945 92190 Meudon;92048; Meudon;592979;2424064;0;1;0;0;Pas de CAB;0;;1;0
87393082;MEUDON VAL FLEURY;MEUDON VAL FLEURY;GARE DE MEUDON VAL FLEURY;Meudon Val F;Meudon Val-Fleury;1, Place Jean Jaurès 92190   Meudon ;92048; Meudon;592977;2423284;0;1;0;0;Pas de CAB;0;2;1;0
87381830;MEULAN HARDRICOURT;MEULAN HARDRICOURT;GARE DE MEULAN HARDRICOURT;Meulan H;Meulan-Hardricourt;Avenue de la Gare 78250 Meulan Hardricourt;78299; Hardricourt;568182;2445379;0;1;0;0;Pas de CAB;0;;1;0
87271528;MITRY CLAYE;MITRY CLAYE;GARE DE MITRY CLAYE;Mitry-Claye;Mitry-Claye;Rue Jean Caille, 77290, Mitry Mory;77294; Mitry-Mory;622413;2441999;1;1;1;1;1;3;;1;0
87332932;MONDESIR;MONDESIR;MONDESIR;;;;91294;Guillerval;581144;2374705;;;;;;;;;0
87545111;MONNERVILLE;MONNERVILLE;GARE DE MONNERVILLE;;;;91414; Monnerville;577441;2372197;0;0;0;0;Pas de CAB;0;;0;0
87332940;MONNERVILLE CENTRE;MONNERVILLE CENTRE;MONNERVILLE CENTRE;;;;91414;Monnerville;578323;2371999;;;;;;;;;0
87684001;MONTARGIS;MONTARGIS;GARE DE MONTARGIS;;;;45208; Montargis;630331;2334291;;;;;;;;;0
87682302;MONTEREAU;MONTEREAU;GARE DE MONTEREAU;;Montereau;Place Pierre Sémard 77130 Montereau-Fault-Yonne;77305; Montereau-Fault-Yonne;644931;2375830;1;1;0;0;Pas de CAB;0;;1;0
87393892;MONTFORT L'AMAURY MERE;MONTFORT L'AMAURY MERE;GARE DE MONTFORT L AMAURY MERE;Montfort l'A;Montfort-l'Amaury-Méré;Place Louis Valtou 78490 Méré;78389; Méré;561705;2422819;0;1;0;0;Pas de CAB;2;;1;0
87682104;MONTGERON CROSNE;MONTGERON CROSNE;GARE DE MONTGERON CROSNE;Montgeron C.;Montgeron-Crosne;Place Joseph Piette;91421; Montgeron;609261;2412174;1;1;1;1;Pas de CAB;0;;1;0
87381160;MONTGEROULT COURCELLES;MONTGEROULT COURCELLES;GARE DE MONTGEROULT COURCELLES;;Montgeroult-Courcelles;Rue du Moulin 95650 Montgeroult;95422; Montgeroult;575636;2453680;0;0;0;0;Pas de CAB;0;;0;0
87276089;MONTIGNY BEAUCHAMP;MONTIGNY BEAUCHAMP;GARE DE MONTIGNY BEAUCHAMP;Montigny B.;Montigny-Beauchamp;Place de la Gare, 95370 Montigny Les Cormeilles;95051; Beauchamp;589841;2445501;0;1;0;1;2;3;;2;0
87684100;MONTIGNY SUR LOING;MONTIGNY SUR LOING;GARE DE MONTIGNY SUR LOING;;Montigny-sur-Loing;Avenue de la gare 77690 Montigny-sur-Loing;77312; Montigny-sur-Loing;629813;2371044;0;1;0;1;Pas de CAB;0;;0;0
87382879;MONTREUIL;MONTREUIL;GARE DE MONTREUIL;Montreuil;Montreuil;Rue de la Bonne Aventure 78000 Versailles;78646; Versailles;586385;2423161;0;1;0;0;1;0;1;1;0
87116400;MONTRY CONDE;MONTRY CONDE;GARE DE MONTRY CONDE;;Montry-Condé;Avenue du Maréchal Foch 77450 Montry;77315; Montry;635932;2432614;0;0;0;0;Pas de CAB;0;;0;0
87276493;MONTSOULT MAFFLIERS;MONTSOULT MAFFLIERS;GARE DE MONTSOULT MAFFLIERS;Montsoult M.;Montsoult-Maffliers;Rue Emile Combres 95560 Montsoult Maffliers;95430; Montsoult;598936;2451983;1;1;0;0;1;0;;1;0
87682278;MORET VENEUX LES SABLONS;MORET VENEUX LES SABLONS;GARE DE MORET VENEUX LES SABLONS;;Moret-Veneux-les-S;Place de la Gare 77250 Veneux-les-Sablons;77491; Veneux-les-Sablons;634308;2375599;1;1;0;0;Pas de CAB;0;;2;0
87116087;MORMANT;MORMANT;GARE DE MORMANT;Mormant;Mormant;Place de la gare 77720 Mormant;77317; Mormant;640790;2401762;0;0;0;0;Pas de CAB;0;;1;0
87116244;MORTCERF;MORTCERF;GARE DE MORTCERF;;Mortcerf;AVENUE DE LA GARE 77163 MORTCERF;77318; Mortcerf;641992;2421365;0;0;0;0;Pas de CAB;0;;0;0
87681403;MOULIN GALANT;MOULIN GALANT;GARE DE MOULIN GALANT;Moulin Gal.;Moulin-Galant;Rue Paul Bert 91100 Corbeil-Essonnes;91174; Corbeil-Essonnes;610106;2398616;0;1;0;0;Pas de CAB;0;;0;0
87116285;MOUROUX;MOUROUX;GARE DE MOUROUX;;Mouroux;Avebue de la gare 77120 Mouroux;77320; Mouroux;651937;2424139;0;0;0;0;Pas de CAB;0;;0;0
87547307;MUSEE D'ORSAY;MUSEE D'ORSAY;MUSEE D ORSAY;M. d'Orsay;Musée d'Orsay;7, Quai Anatole France 75007   Paris ;75107; Paris;599372;2428992;1;1;0;1;1;0;8;0;0
87116095;NANGIS;NANGIS;GARE DE NANGIS;Nangis;Nangis;Place de la gare 77370 Nangis;77327; Nangis;649907;2396078;0;1;0;0;Pas de CAB;0;;1;0
87758029;NANTERRE PREFECTURE;NANTERRE PREFECTURE;GARE DE NANTERRE PREFECTURE;;;;92050; Nanterre;591683;2433045;;;;;;;;;1
87386318;NANTERRE UNIVERSITE;NANTERRE UNIVERSITE;GARE DE NANTERRE UNIVERSITE;Nanterre-U.;Nanterre-Université;33 Boulevard des Provinces Françaises 92000 Nanterre;92050; Nanterre;591099;2433704;0;1;0;1;Pas de CAB;2;2;0;0
87758037;NANTERRE UNIVERSITE;NANTERRE UNIVERSITE;GARE DE NANTERRE UNIVERSITE RER A;;;;92050; Nanterre;591099;2433704;;;;;;;;;1
87758045;NANTERRE VILLE;NANTERRE VILLE;GARE DE NANTERRE VILLE;;;;92050; Nanterre;589673;2433033;;;;;;;;;1
87271577;NANTEUIL LE HAUDOIN;NANTEUIL LE HAUDOIN;GARE DE NANTEUIL LE HAUDOIN;;;;60446; Nanteuil-le-Haudouin;633394;2460571;;;;;;;;;0
87116558;NANTEUIL SAACY;NANTEUIL SAACY;GARE DE NANTEUIL SAACY;Nanteuil S.;Nanteuil-Saâcy;Avenue du Général Leclerc 77730 Saâcy-sur-Marne;77397; Saâcy-sur-Marne;664684;2442118;0;1;0;1;Pas de CAB;0;;0;0
87758102;NATION;NATION;NATION;;;;75112; Paris;604361;2427773;;;;;;;;;1
87684126;NEMOURS SAINT-PIERRE;NEMOURS SAINT-PIERRE;GARE DE NEMOURS ST PIERRE;;Nemours-Saint-Pierre;1 Bis Avenue Carnot 77140 Saint-Pierre-les-Nemours;77431; Saint-Pierre-lès-Nemours;625925;2363266;0;1;0;1;Pas de CAB;0;;1;0
87758318;NEUILLY PLAISANCE;NEUILLY PLAISANCE;GARE DE NEUILLY PLAISANCE;;;;93049; Neuilly-Plaisance;613008;2428364;;;;;;;;;1
87381020;NEUILLY PORTE MAILLOT - Palais des Congrès;NEUILLY PORTE MAILLOT - Palais des Congrès;NEUILLY PORTE MAILLOT;Neuilly P. M;Neuilly-Porte Maillot;82, Avenue de la Grande Armée 75017   Paris ;75117; Paris;595981;2431041;1;1;0;1;2;1;2;0;0
87334482;NEUVILLE UNIVERSITE;NEUVILLE UNIVERSITE;GARE DE NEUVILLE UNIVERSITE;Neuville-U.;Neuville-Université;Accès par l'avenue du boulevard circulaire;95450; Neuville-sur-Oise;581143;2446254;1;1;1;1;2;2;2;1;0
87381731;NEZEL AULNAY;NEZEL AULNAY;GARE DE NEZEL AULNAY;Nezel Aulnay;Nézel-Aulnay;Place de la gare 78410 Nézel;78451; Nézel;563642;2437937; ;0;0;0;Pas de CAB;0;;0;0
87116566;NOGENT L'ARTAUD CHARLY;NOGENT L'ARTAUD CHARLY;GARE DE NOGENT L ARTAUD CHARLY;;;;2555; Nogent-l'artaud;672266;2441630;;;;;;;;;0
87113746;NOGENT LE PERREUX;NOGENT LE PERREUX;GARE DE NOGENT LE PERREUX;Nogent le P.;Nogent-le-Perreux;place du Théâtre 94130 NOGENT-SUR-MARNE;94052; Nogent-sur-Marne;611573;2426718;1;1;1;1;2;2;1;1;0
87758136;NOGENT SUR MARNE;NOGENT SUR MARNE;GARE DE NOGENT SUR MARNE;;;;94052; Nogent-sur-Marne;609948;2426228;;;;;;;;;1
87276758;NOINTEL MOURS;NOINTEL MOURS;GARE DE NOINTEL MOURS;Nointel M.;Nointel-Mours;Rue Jean Saunier 95590 Nointel;95452; Nointel;595940;2459526;1;1;0;1;Pas de CAB;0;;0;0
87758359;NOISIEL;NOISIEL;GARE DE NOISIEL;;;;77337; Noisiel;620552;2427283;;;;;;;;;1
87758342;NOISY CHAMPS;NOISY CHAMPS;GARE DE NOISY CHAMPS;;;;93051; Champs-sur-Marne;617752;2427164;;;;;;;;;1
87758334;NOISY LE GRAND MONT D'EST;NOISY LE GRAND MONT D'EST;GARE DE NOISY LE GRAND MONT D EST;;;;93051; Noisy-le-Grand;615511;2426978;;;;;;;;;1
87393876;NOISY LE ROI;NOISY LE ROI;GARE DE NOISY LE ROI;Noisy le roi;Noisy le Roi;Place de la gare 78590 Noisy le Roi;78455; Noisy-le-Roi;579842;2427058;1;1;1;1;Pas de CAB;1;;0;0
87113217;NOISY LE SEC;NOISY LE SEC;GARE DE NOISY LE SEC;Noisy le Sec;Noisy-le-Sec;Rue de la gare 93130 Noisy le sec;93053; Noisy-le-Sec;609055;2433165;1;1;1;1;Pas de CAB;6;;1;0
87681346;ORANGIS BOIS DE L'EPINE;ORANGIS BOIS DE L'EPINE;GARE D'ORANGIS BOIS DE L EPINE;Orangis Bois;Orangis-Bois-de-l'Epine;Avenue de la Résistance 91130 Ris Orangis;91521; Ris-Orangis;605255;2404187;1;1;1;1;2;0;;1;0
87393447;ORGERUS BEHOUST;ORGERUS BEHOUST;GARE D'ORGERUS BEHOUST;Orgerus Béh.;Orgerus-Béhoust;Rue de la Gare 78910 Orgerus;78465; Orgerus;553526;2425617;0;1;0;0;Pas de CAB;0;;0;0
87546200;ORLY VILLE;ORLY VILLE;GARE D'ORLY VILLE;Orly Ville;Orly-Ville;1, Place du 8 mai 45 94310   Orly ;94054; Orly;604876;2415924;0;1;0;0;Pas de CAB;0;;1;0
87271585;ORMOY VILLERS;ORMOY VILLERS;GARE D'ORMOY VILLERS;;;;60479; Ormoy-Villers;636584;2467126;;;;;;;;;0
87276279;ORRY LA VILLE COYE LA FORET;ORRY LA VILLE COYE LA FORET;GARE D'ORRY LA VILLE COYE LA FORET;Orry la V.;;;60482; Orry-la-Ville;611179;2460100;;;;;;;;;0
87758847;ORSAY VILLE;ORSAY VILLE;GARE D'ORSAY VILLE;;;;91471; Orsay;588634;2411027;;;;;;;;;1
87381145;OSNY;OSNY;GARE D'OSNY;Osny;Osny;Rue Aristide Briand 95520 Osny;95476; Osny;579607;2451680;0;0;0;0;Pas de CAB;0;;0;0
87116020;OZOIR LA FERRIERE;OZOIR LA FERRIERE;GARE D'OZOIR LA FERRIERE;Ozoir la F.;Ozoir-la-Ferrière;Avenue Raoul Nordling 77330 Ozoir la Ferriere;77350; Ozoir-la-Ferrière;625992;2419198;1;1;1;1;1;2;1;1;0
87758805;PALAISEAU;PALAISEAU;GARE DE PALAISEAU;;;;91477; Palaiseau;593374;2413260;;;;;;;;;1
87758813;PALAISEAU VILLEBON;PALAISEAU VILLEBON;GARE DE PALAISEAU VILLEBON;;;;91477; Palaiseau;592688;2412131;;;;;;;;;1
87113209;PANTIN;PANTIN;GARE DE PANTIN;Pantin;Pantin;Avenue de la gare 93500 Pantin;93055; Pantin;604688;2433279;0;1;1;1;Pas de CAB;0;;1;0
87758730;PARC DE SCEAUX;PARC DE SCEAUX;GARE DE PARC DE SCEAUX;;;;92002; Sceaux;598055;2419134;;;;;;;;;1
87271486;PARC DES EXPOSITIONS;PARC DES EXPOSITIONS;GARE DE PARC DES EXPOSITIONS;Parc Expo;Parc des Expositions;Avenue des Nations, 93420 Villepinte;93078; Villepinte;613017;2441735;1;1;0;1;Pas de CAB;3;2;0;0
87547026;PARIS AUSTERLITZ (GARE D'AUSTERLITZ);PARIS AUSTERLITZ;GARE D'AUSTERLITZ RER C;Paris Aust.;;;75113; Paris;602071;2427311;1;1;1;1;1;3;;0;0
87686667;PARIS BERCY (GARE DE BERCY);PARIS BERCY;GARE DE BERCY;;;;75112; Paris;603374;2426818;;;;;;;;;0
87113001;PARIS EST (GARE DE L'EST);PARIS EST;GARE DE L EST;;Paris Est;Place 11 Novembre 1918, 75010 Paris ;75110; Paris;601608;2430941;1;1;1;0;3;0;;0;0
87686030;PARIS GARE DE LYON;PARIS GARE DE LYON;GARE DE LYON RER D;Gare de Lyon;;;75112; Paris;602748;2427502;;;;;;;;;0
87391003;PARIS MONTPARNASSE (GARE MONTPARNASSE);PARIS MONTPARNASSE;GARE MONTPARNASSE;;Paris Montparnasse;Place Raoul Dautry;75114; Paris;598749;2426905;0;1;1;0;Pas de CAB;3;;0;0
87271031;PARIS NORD (GARE DU NORD);PARIS NORD;GARE DU NORD SURFACE;Gare du Nord;;;75110; Paris;601529;2431239;;;;;;;;;0
87384008;PARIS SAINT-LAZARE (GARE SAINT-LAZARE);PARIS SAINT-LAZARE;GARE ST LAZARE;;;;75109; Paris;599136;2430783;0;1;0;0;Pas de CAB;0;;0;0
87381012;PEREIRE LEVALLOIS;PEREIRE LEVALLOIS;PEREIRE LEVALLOIS;Pereire L.;Péreire-Levallois;4 bis, Place du Maréchal Juin  75017   Paris;75117; Paris;597190;2431908;0;1;0;1;2;2;1;0;0
87276469;PERSAN BEAUMONT;PERSAN BEAUMONT;GARE DE PERSAN BEAUMONT;Persan B.;Persan-Beaumont;Avenue de la Gare 95340 Persan;95487; Persan;595830;2461141;1;1;1;0;1;0;;1;0
87393504;PETIT JOUY LES LOGES;PETIT JOUY LES LOGES;GARE DE PETIT JOUY LES LOGES;Petit Jouy;Petit-Jouy-les-Loges;Chemin de Petit Jouy 78350   Les Loges-en-Jouy;78343; Les Loges-en-Josas;586027;2419124;0;1;0;0;Pas de CAB;0;;0;0
87393652;PETIT VAUX;PETIT VAUX;GARE DE PETIT VAUX;Petit-Vaux;Petit-Vaux;Rue du Petit Vaux  91360   Epinay-sur-Orge;91216; Epinay-sur-Orge;599818;2408616;0;0;0;0;Pas de CAB;0;;0;0
87271163;PIERREFITTE STAINS;PIERREFITTE STAINS;GARE DE PIERREFITTE STAINS;Pierrefitte;Pierrefitte-Stains;1 Place du Général Leclerc 93380 Pierrefite sur Seine;93059; Pierrefitte-sur-Seine;602614;2440660;1;1;1;1;Pas de CAB;0;;1;0
87276097;PIERRELAYE;PIERRELAYE;GARE DE PIERRELAYE;Pierrelaye;Pierrelaye;Place du 8 Mai 1945 95480 Pierrelaye;95488; Pierrelaye;586613;2446838;1;1;0;1;2;0;;0;0
87393421;PLAISIR GRIGNON;PLAISIR GRIGNON;GARE DE PLAISIR GRIGNON;Plaisir Gr.;Plaisir-Grignon;Place de la Gare 78610 Le Perray en Yvelines;78490; Plaisir;571109;2426002;0;1;1;1;1;0;;1;0
87393629;PLAISIR LES CLAYES;PLAISIR LES CLAYES;GARE DE PLAISIR LES CLAYES;Plaisir;Plaisir-les-Clayes;Rue des Vicomtes 78730 Plaisir;78490; Plaisir;572346;2425879;0;1;0;0;1;0;;1;0
87386573;POISSY;POISSY;GARE DE POISSY;Poissy-Talb.;Poissy;Place de la gare par l'Avenue Maurice Berteaux;78498; Poissy;578346;2437255;1;1;1;1;2;4;;1;0
87381111;PONT CARDINET;PONT CARDINET;PONT CARDINET;P. Cardinet;Pont-Cardinet;145 Rue Cardinet 75017 Paris;75117; Paris;598350;2432142;0;0;1;0;Pas de CAB;0;4;0;0
87393041;PONT DE L'ALMA;PONT DE L'ALMA;PONT DE L ALMA;Pt de l'Alma;Pont de l'Alma ;Place de la Résistance 75007   Paris;75107; Paris;597451;2429303; ;1;0;1;Pas de CAB;0;;0;0
87546192;PONT DE RUNGIS Aéroport d'Orly;PONT DE RUNGIS Aéroport d'Orly;GARE DE PONT DE RUNGIS;Pont de R;Pont-de-Rungis-Aéroport-d'Orly;Avenue du Docteur Marie 94150   Thiais ;94073; Thiais;602680;2416599;0;1;1;0;Pas de CAB;0;1;0;0
87393322;PONT DU GARIGLIANO - Hôpital Européen GeorgesPompidou;PONT DU GARIGLIANO - Hôpital Européen GeorgesPompidou;BOULEVARD VICTOR PONT DU GARIGLIANO;Bld Victor;Boulevard Victor;193, Quai André Citroën 75015 Paris;75115;  Paris;595159;2426711;1;1;0;1;1;2;2;0;0
87683136;PONT SUR YONNE;PONT SUR YONNE;GARE DE PONT SUR YONNE;;;;89309; Pont-sur-Yonne;664223;2365651;;;;;;;;;0
87682526;PONTHIERRY PRINGY;PONTHIERRY PRINGY;GARE DE PONTHIERRY PRINGY;Ponthierry;Ponthierry-Pringy;Rue Maurice Leroy 77310 Saint Fargeau-Ponthierry;77407; Saint-Fargeau-Ponthierry;615373;2392938;0;0;0;0;Pas de CAB;0;;1;0
87276139;PONTOISE;PONTOISE;GARE DE PONTOISE;Pontoise;Pontoise;Place du général de Gaulle 95300 Pontoise;95500; Pontoise;582358;2449912;0;1;1;1;1;5;5;1;0
87276154;PONT PETIT;PONT PETIT;GARE DE PONT PETIT;Pont Petit;Pont-Petit;Rue Louis Auguste Blanqui 95310 Saint-Ouen-l'Aumône;95572; Saint-Ouen-l'Aumône;584914;2451325;0;0;0;0;Pas de CAB;0;;0;0
87393165;PORCHEFONTAINE;PORCHEFONTAINE;GARE DE PORCHEFONTAINE;Porchefont.;Porchefontaine;Avenue de Porchefontaine 78000   Versailles ;78646; Versailles;586563;2422066;1;1;0;0;1;0;;1;0
87758623;PORT ROYAL;Port Royal;PORT ROYAL;;;;75106; Paris;600012;2426830;;;;;;;;;1
87111278;PORTE DE CLICHY;PORTE DE CLICHY;PORTE DE CLICHY;P. de Clichy;Porte de Clichy;190 ter, Avenue de Clichy 75017   Paris ;75117; Paris;598379;2432865;1;1;0;1;2;2;13;0;0
87276410;PRECY SUR OISE;PRECY SUR OISE;GARE DE PRECY SUR OISE;;;;60513; Précy-sur-Oise;602907;2467271;;;;;;;;;0
87276501;PRESLES COURCELLES;PRESLES COURCELLES;GARE DE PRESLES COURCELLES;Presles C.;Presles-Courcelles;Place de la gare 95590 Presles;95504; Presles;596437;2457275;1;1;0;0;Pas de CAB;0;;0;0
87116160;PROVINS;PROVINS;GARE DE PROVINS;Provins;Provins;Avenue Jean Jaures 77160 Provins;77379; Provins;671359;2395657;0;1;0;0;Pas de CAB;0;;0;0
87382382;PUTEAUX;PUTEAUX;GARE DE PUTEAUX;Puteaux;Puteaux;2 Rue Ferdinand Pelloutier 92800 Puteaux;92062; Puteaux;592444;2431693;0;1;0;1;Pas de CAB;0;1;0;0
87393314;RAMBOUILLET;RAMBOUILLET;GARE DE RAMBOUILLET;Rambouillet;Rambouillet;1 Place Fernand Prudhomme 78120 Rambouillet;78517; Rambouillet;562748;2405139;1;1;1;0;1;0;;1;0
87988709;REMISE A JORELLE (T4);REMISE A JORELLE;REMISE A JORELLE;;;;93010; Bondy;611155;2432744;0;0;0;1;Pas de CAB;0;;0;0
87681338;RIS ORANGIS;RIS ORANGIS;GARE DE RIS ORANGIS;Ris Orangis;Ris-Orangis;5 Rue Edmond Bonte 91130 Ris-Orangis;91521; Ris-Orangis;605741;2406747;1;1;0;0;Pas de CAB;0;;1;0
87758722;ROBINSON;ROBINSON;GARE DE ROBINSON;;;;92071; Chatenay-Malabry;595959;2420179;;;;;;;;;1
87116038;ROISSY EN BRIE;ROISSY EN BRIE;GARE DE ROISSY EN BRIE;Roissy en B.;Roissy-en-Brie;Place de la gare 77680 Roissy-en-Brie;77390; Roissy-en-Brie;623033;2421933;1;1;1;1;1;2;1;1;0
87113696;ROSNY BOIS PERRIER;ROSNY BOIS PERRIER;GARE DE ROSNY BOIS PERRIER;Rosny B. P.;Rosny-Bois-Perrier;Rue Léon Blum 93110 Rosny sous bois;93064; Rosny-sous-Bois;610640;2431610;1;1;1;1;Pas de CAB;0;;1;0
87113704;ROSNY SOUS BOIS;ROSNY SOUS BOIS;GARE DE ROSNY SOUS BOIS;Rosny Sous B;Rosny-sous-Bois;1 place des Martyrs de la Résistance 93110 ROSNY-SOUS-BOIS ;93064; Rosny-sous-Bois;610943;2430279;1;1;1;1;Pas de CAB;2;;1;0
87415885;ROSNY SUR SEINE;ROSNY SUR SEINE;GARE DE ROSNY SUR SEINE;;Rosny-sur-Seine;Rue de la Gare 78710 Rosny Sur Seine;78531; Rosny-sur-Seine;548315;2444570;0;1;0;0;Pas de CAB;0;;0;0
87431791;ROUGEMONT CHANTELOUP (T4);ROUGEMONT CHANTELOUP;ROUGEMONT CHANTELOUP;;;;93071; Sevran;613142;2436948;0;0;0;1;Pas de CAB;0;;0;0
87332957;ROUTE DE MONNERVILLE;ROUTE DE MONNERVILLE;ROUTE DE MONNERVILLE;;;;91511;Pussay;574815;2372206;;;;;;;;;0
87758052;RUEIL MALMAISON;RUEIL MALMAISON;GARE DE RUEIL MALMAISON;;;;92063; Rueil-Malmaison;587870;2432126;;;;;;;;;1
87546291;RUNGIS LA FRATERNELLE;RUNGIS LA FRATERNELLE;GARE DE RUNGIS LA FRATERNELLE;Rungis la F.;Rungis-la-Fraternelle;Rue des Alpes 94150   Rungis ;94065; Rungis;601196;2415754;0;1;0;0;Pas de CAB;0;;0;0
87545509;SAINT-CHERON;SAINT-CHERON;GARE DE ST CHERON;St Cheron;Saint-Chéron;Place de la Gare 91530   Saint-Chéron ;91540; Saint-Chéron;584420;2394714;1;1;0;0;Pas de CAB;0;;1;0
87382358;SAINT-CLOUD;SAINT-CLOUD;GARE DE ST CLOUD;St Cloud;Saint-Cloud;42 Rue Dailly 92210 Saint Cloud;92064; Saint-Cloud;591217;2427340;1;1;1;1;1;3;4;0;0
87393223;SAINT-CYR;SAINT-CYR;GARE DE ST CYR;st cyr;Saint-Cyr;Place Pierre Sémard 78120 Saint-Cyr l'Ecole;78545; Saint-Cyr-l'Ecole;580629;2422311;0;1;0;0;Pas de CAB;0;;1;0
87271015;SAINT-DENIS;SAINT-DENIS;GARE DE ST DENIS;St Denis;Saint-Denis;Rue Ambroise Croizat 93200 St Denis;93066; Saint-Denis;600696;2437396;1;1;0;1;Pas de CAB;0;;1;0
87116178;SAINTE-COLOMBE SEPTVEILLES;SAINTE-COLOMBE SEPTVEILLES;GARE DE STE COLOMBE SEPTVEILLES;Ste Colombe;Sainte-Colombe-Septveilles;Rue Victor Hugo 77650 Sainte-Colombe;77404; Sainte-Colombe;668023;2392778;0;0;0;0;Pas de CAB;0;;0;0
87545210;SAINTE-GENEVIEVE DES BOIS;SAINTE-GENEVIEVE DES BOIS;GARE DE STE GENEVIEVE DES BOIS;ste geneviev;Sainte-Geneviève-des-Bois;Place de la Gare 91700   Sainte-Geneviève-des-Bois;91549; Sainte-Geneviève-des-Bois;598249;2406054;0;1;0;0;Pas de CAB;0;;1;0
87682542;SAINT-FARGEAU;SAINT-FARGEAU;GARE DE ST FARGEAU;St Fargeau;Saint-Fargeau;Avenue de la Gare 77310 Saint Fargeau Ponthierry ;77407; Saint-Fargeau-Ponthierry;615206;2396224;0;0;0;0;Pas de CAB;0;;1;0
87758094;SAINT-GERMAIN EN LAYE;SAINT-GERMAIN EN LAYE;GARE DE ST GERMAIN EN LAYE;;;;78551; Saint-Germain-en-Laye;582249;2433382;;;;;;;;;1
87366922;SAINT-GERMAIN EN LAYE BEL AIR FOURQUEUX;SAINT-GERMAIN EN LAYE BEL AIR FOURQUEUX;GARE DE ST GERMAIN BEL AIR FOURQUEUX;St Germain B;Saint-Germain Bel Air Fourqueux;Place du Préfet Claude Erignac 78100 Saint Germain en Laye;78551; Saint-Germain-en-Laye;580590;2433004;1;1;1;1;Pas de CAB;2;;0;0
87382804;SAINT-GERMAIN EN LAYE GRANDE CEINTURE;SAINT-GERMAIN EN LAYE GRANDE CEINTURE;GARE DE ST GERMAIN GRANDE CEINTURE;St GermainGC;Saint-Germain Grande Ceinture;Place Christiane Frahier 78100 St Germain en Laye;78551; Saint-Germain-en-Laye;580680;2433912;1;1;0;1;Pas de CAB;0;;0;0
87276170;SAINT-GRATIEN;SAINT-GRATIEN;GARE DE ST GRATIEN;St Gratien;Saint-Gratien;Rue de Verdun 95210 Saint-Gratien;95555; Saint-Gratien;596214;2440627; ;1;0;0;1;0;;0;0
87683227;SAINT-JULIEN DU SAULT;SAINT-JULIEN DU SAULT;GARE DE ST JULIEN DU SAULT;;;;89348; Saint-Julien-du-Sault;672073;2336854;;;;;;;;;0
87276402;SAINT-LEU D'ESSERENT;SAINT-LEU D'ESSERENT;GARE DE ST LEU D ESSERENT;;;;60584; Saint-Leu-d'Esserent;605954;2468490;;;;;;;;;0
87276600;SAINT-LEU LA FORET;SAINT-LEU LA FORET;GARE DE ST LEU LA FORET;St Leu la F;Saint-Leu-la-Forêt;Place Cyrille Lecomte 95320 Saint-Leu-la-Forêt;95563; Saint-Leu-la-Forêt;593124;2446419; ; ;0;0;Pas de CAB;0;;1;0
87682294;SAINT-MAMMES;SAINT-MAMMES;GARE DE ST MAMMES;;Saint-Mammès;Rue de la gare 77670 Saint-Mammès;77419; Saint-Mammès;635516;2376026;0;1;0;0;Pas de CAB;0;;1;0
87545350;SAINT-MARTIN D'ETAMPES;SAINT-MARTIN D'ETAMPES;GARE DE ST MARTIN D ETAMPES;St Martin;Saint-Martin-d'Etampes;Rue Salvador Allende 91150   Etampes ;91223; Etampes;585838;2380987;0;1;0;0;Pas de CAB;0;;1;0
87758151;SAINT-MAUR CRETEIL;SAINT-MAUR CRETEIL;GARE DE ST MAUR CRETEIL;;;;94068; Saint-Maur-des-Fossés;609981;2423111;;;;;;;;;1
87785436;SAINT-MICHEL NOTRE DAME;SAINT-MICHEL NOTRE DAME;ST MICHEL ND RER B;;;;75104; Paris;600537;2428345;;;;;;;;;1
87547315;SAINT-MICHEL NOTRE DAME;SAINT-MICHEL NOTRE DAME;ST MICHEL ND RER C;St Michel ND;Saint-Michel-Notre-Dame;Quai Saint Michel 75005   Paris ;75104; Paris;600540;2428349;0;1;0;1;Pas de CAB;0;;0;0
87545202;SAINT-MICHELSUR ORGE;SAINT-MICHELSUR ORGE;GARE DE ST MICHEL SUR ORGE;St Michel /O;Saint-Michel-sur-Orge;Rue Anatole France 91240   Saint-Michel-sur-Orge ;91570; Saint-Michel-sur-Orge;597795;2404078;1;1;1;0;Pas de CAB;0;;1;0
87382481;SAINT-NOM LA BRETECHE FORET DE MARLY;SAINT-NOM LA BRETECHE FORET DE MARLY;GARE DE ST NOM LA BRETECHE FORET DE MARLY;St Nom la B;Saint-Nom-la-Bretèche Forêt de Marly;Route de Saint Nom la Bretèche 78620 L'Etang La Ville;78224; L'Etang-la-Ville;579039;2429991;1;1;0;1;Pas de CAB;2;;1;0
87271247;SAINT-OUEN;SAINT-OUEN;GARE DE ST OUEN;St Ouen;Saint-Ouen ;Rue Dora Maar 93400 Saint-Ouen;93070; Saint-Ouen;598966;2434120;1;1;0;0;1;1;1;0;0
87276105;SAINT-OUEN L'AUMONE;SAINT-OUEN L'AUMONE;GARE DE ST OUEN L AUMONE;St Ouen l'A;Saint-Ouen-l'Aumône;rue du 8 mai 1945 95310 Saint-Ouen-l'Aumône;95572; Saint-Ouen-l'Aumône;583177;2449738;1;1;1;1;2;0;;0;0
87337980;SAINT-OUEN L'AUMONE LIESSE;SAINT-OUEN L'AUMONE LIESSE;GARE DE ST OUEN L AUMONE LIESSE;Liesse;;;95572; Saint-Ouen-l'Aumône;584736;2448488;1;1;1;1;2;2;2;2;0
87381426;SAINT-OUEN L'AUMONE QUARTIER DE L'EGLISE;SAINT-OUEN L'AUMONE QUARTIER DE L'EGLISE;GARE DE ST OUEN L AUMONE QUARTIER DE L EGLIS;St Ouen-Q Eg;Saint-Ouen-l'Aumône-Eglise;Rue d'Eragny , 95310 Saint-Ouen-l'Aumône;95572; Saint-Ouen-l'Aumône;582965;2449131;0;1;0;0;Pas de CAB;0;;0;0
87394148;SAINT-PIAT;SAINT-PIAT;GARE DE ST PIAT;;;;28357; Saint-Piat;544867;2394007;;;;;;;;;0
87393843;SAINT-QUENTIN EN YVELINES;SAINT-QUENTIN EN YVELINES;GARE DE ST QUENTIN EN YVELINES;St Quentin;Saint-Quentin-en-Yvelines;Place Charles de Gaulle 78180 Montigny le Bretonneux;78423; Montigny-le-Bretonneux;578546;2421099;0;1;1;0;1;0;6;0;0
87116376;SAINT-REMY LA VANNE;SAINT-REMY LA VANNE;GARE DE ST REMY LA VANNE;;;;77432; Saint-Rémy-la-Vanne ;666864;2422802;;;;;;;;;0
87758896;SAINT-REMY LES CHEVREUSE;SAINT-REMY LES CHEVREUSE;GARE DE ST REMY LES CHEVREUSE;;;;78575; Saint-Rémy-lès-Chevreuse;580431;2411627;;;;;;;;;1
87116368;SAINT-SIMEON;SAINT-SIMEON;GARE DE ST SIMEON;;Saint-Siméon;La montagne 77169 Saint-Siméon;77436; Saint-Siméon;664099;2422718;;;;;;;;;0
87332973;SALLE DES FETES (ANGERVILLE);SALLE DES FETES (ANGERVILLE);SALLE DES FETES;;;;91016;Angerville;575090;2368218;;;;;;;;;0
87276188;SANNOIS;SANNOIS;GARE DE SANNOIS;Sannois;Sannois;Place Salvador Allende 95110 Sannois;95582; Sannois;594668;2441318;0;1;0;1;2;0;;0;0
87381186;SANTEUIL LE PERCHAY;SANTEUIL LE PERCHAY;GARE DE SANTEUIL LE PERCHAY;;Santeuil-le-Perchay;Rue Tour de Voisne 95640 Santeuil;95584; Santeuil;571722;2458458;0;0;0;0;Pas de CAB;0;;0;0
87276386;SARCELLES SAINT-BRICE;SARCELLES SAINT-BRICE;GARE DE SARCELLES ST BRICE;Sarcelles;Sarcelles-Saint-Brice;Boulevard du Docteur Galvani / Place de la Gare;95539; Saint-Brice-sous-Foret;602339;2444129;0;1;1;0;1;0;;1;0
87386417;SARTROUVILLE;SARTROUVILLE;GARE DE SARTROUVILLE;Sartrouville;Sartrouville;Places des fusillés par la rue Lamartine;78586; Sartrouville;586857;2437743;1;1;1;1;1;3;2;1;0
87682187;SAVIGNY LE TEMPLE NANDY;SAVIGNY LE TEMPLE NANDY;GARE DE SAVIGNY LE TEMPLE NANDY;Savigny le T;Savigny-le-Temple-Nandy;Avenue Jean Moulin 77547 Savigny le Temple;77445; Savigny-le-Temple;618199;2399672;1;1;1;1;2;0;;0;0
87545236;SAVIGNY SUR ORGE;SAVIGNY SUR ORGE;GARE DE SAVIGNY SUR ORGE;Savigny / O;Savigny-sur-Orge;Place de la Gare 91600   Savigny-sur-Orge ;91589; Savigny-sur-Orge;601128;2408603;0;1;0;0;Pas de CAB;0;;1;0
87758706;SCEAUX;SCEAUX;GARE DE SCEAUX;;;;92071; Sceaux;597109;2420331;;;;;;;;;1
87683003;SENS;SENS;GARE DE SENS;;;;89387; Sens;669207;2355847;;;;;;;;;0
87419952;SERANS;Serans;GARE DE SERANS;;;;60614; Serans;563474;2465450;;;;;;;;;0
87545517;SERMAISE;SERMAISE;GARE DE SERMAISE;Sermaise;Sermaise;Route de Dourdan 91530   Sermaise ;91593; Sermaise;580224;2393008;0;1;0;0;Pas de CAB;0;;0;0
87272039;SEUGY;SEUGY;GARE DE SEUGY;Seugy;Seugy;rue de la gare 95270 Seugy;95594; Seugy;604601;2457922;0;0;0;0;Pas de CAB;0;;0;0
87271445;SEVRAN BEAUDOTTES;SEVRAN BEAUDOTTES;GARE DE SEVRAN BEAUDOTTES;Sevran Beaud;Sevran-Beaudottes;Avenue Raoul Dautry, 93270 Sevran;93071; Sevran;613775;2438847;1;1;1;1;1;2;3;0;0
87271429;SEVRAN LIVRY;SEVRAN LIVRY;GARE DE SEVRAN LIVRY;Sevran-Livry;Sevran-Livry;1, Place de la gare, 93270 Sevran;93071; Sevran;614544;2437556;1;1;1;1;1;0;;1;0
87393124;SEVRES RIVE GAUCHE;SEVRES RIVE GAUCHE;GARE DE SEVRES RIVE GAUCHE;Sèvres RG;Sèvres Rive Gauche;1 Rue Auguste Rodin 92310 Sèvres;92072; Sèvres;591042;2424776;0;1;0;;Pas de CAB;0;;1;0
87382341;SEVRES VILLE D'AVRAY;SEVRES VILLE D'AVRAY;GARE DE SEVRES VILLE D AVRAY;Sèvres-V.A.;Sèvres-Ville-d'Avray;Place Pierre Brosselette 92310 Sèvres;92072; Sèvres;590013;2425458;0;1;0;0;Pas de CAB;0;;1;0
87684217;SOUPPES CHÂTEAU LANDON;SOUPPES CHÂTEAU LANDON;GARE DE SOUPPES;;Souppes-Château-Landon;Rue Paul Rollin 77460 Souppes-sur-Loing;77458; Souppes-sur-Loing;629649;2353725;0;1;0;1;Pas de CAB;0;;1;0
87164780;STADE DE FRANCE SAINT-DENIS;STADE DE FRANCE SAINT-DENIS;GARE DE STADE DE FRANCE ST DENIS;Stade de Fr.;Stade de France Saint-Denis;Place aux Etoiles 93200 St Denis;93066; Saint-Denis;601060;2435477;1;1;1;1;1;2;2;0;0
87758193;SUCY BONNEUIL;SUCY BONNEUIL;GARE DE SUCY BONNEUIL;;;;94071; Sucy-en-Brie;612617;2419185;;;;;;;;;1
87382374;SURESNES MONT VALERIEN;SURESNES MONT VALERIEN;GARE DE SURESNES MONT VALERIEN;Suresnes-MV;Suresnes-Mont-Valérien;Rue Worth 92150 Suresnes;92073; Suresnes;591530;2430383;1;0;1;0;2;2;2;1;0
87276261;SURVILLIERS FOSSES;SURVILLIERS FOSSES;GARE DE SURVILLIERS FOSSES;Survilliers;Survilliers-Fosses;Place Jean Moulin 95470 Survilliers;95250; Fosses;613809;2455750;1;1;1;1;1;0;;1;0
87393454;TACOIGNIERES RICHEBOURG;TACOIGNIERES RICHEBOURG;GARE DE TACOIGNIERES RICHEBOURG;Tacoignières;Tacoignières-Richebourg;Rue de la Gare 78910 Tacoignières;78605; Tacoignières;550990;2425899;0;1;0;0;Pas de CAB;0;;0;0
87276634;TAVERNY;TAVERNY;GARE DE TAVERNY;Taverny;Taverny;Place de la gare 95150 Taverny;95607; Taverny;591603;2447484;1;1;0;0;Pas de CAB;0;;1;0
87272054;THIEUX NANTOUILLET;THIEUX NANTOUILLET;GARE DE THIEUX NANTOUILLET;;Thieux-Nantouillet;Rue des Trois-villes 77230 Thieux;77462; Thieux;625179;2445676;0;0;0;0;Pas de CAB;0;;0;0
87682252;THOMERY;THOMERY;GARE DE THOMERY;;Thomery;Chemin forestier 77300 Fontainebleau;77463; Thomery;632785;2377226;0;0;0;0;Pas de CAB;0;;0;0
87381822;THUN LE PARADIS;THUN LE PARADIS;GARE DE THUN LE PARADIS;Thun le P.;Thun-le-Paradis;Rue des Annonciades 78250 Meulan;78401; Meulan;569458;2445482;0;1;0;0;Pas de CAB;0;;0;0
87758375;TORCY;TORCY;GARE DE TORCY;;;;77468; Torcy;623373;2426823;;;;;;;;;1
87116210;TOURNAN;TOURNAN;GARE DE TOURNAN;Tournan;Tournan;1 rue Georges Clémenceau 77220 TOURNAN-EN-BRIE;77470; Tournan-en-Brie;631119;2415717;1;1;1;1;Pas de CAB;3;;1;0
87393835;TRAPPES;TRAPPES;GARE DE TRAPPES;Trappes;Trappes;Avenue Gabriel Péri 78 190 Trappes;78621; Trappes;575748;2419673;1;1;1;0;1;0;;1;0
87381236;TRIE CHATEAU;TRIE CHATEAU;GARE DE TRIE CHATEAU;;;;60644; Trie-Château;562253;2476222;;;;;;;;;0
87381806;TRIEL SUR SEINE;TRIEL SUR SEINE;GARE DE TRIEL SUR SEINE;Triel/Seine;Triel-sur-Seine;Place de la Gare 78510 Triel Sur Seine;78624; Triel-sur-Seine;575765;2442590;0;0;0;1;Pas de CAB;0;;1;0
87116491;TRILPORT;TRILPORT;GARE DE TRILPORT;Trilport;;;77475; Trilport;644906;2440384;1;1;1;1;Pas de CAB;0;;1;0
87381178;US;US;GARE D'US;;Us;Rue de la Gare 95450 Us;95625; Us;573254;2455807;0;1;0;0;Pas de CAB;0;;0;0
87116293;VAIRES TORCY;VAIRES TORCY;GARE DE VAIRES TORCY;Vaires Torcy;Vaires-Torcy;Place du Général de Gaulle 77360 Vaires-sur-Marne;77479; Vaires-sur-Marne;622252;2430812;1;1;1;1;Pas de CAB;3;2;1;0
87381798;VAL D'ARGENTEUIL;VAL D'ARGENTEUIL;GARE DE VAL D ARGENTEUIL;Val d'Argent;Val-d'Argenteuil;Boulevard de la Résistance 95100 Argenteuil;95018; Argenteuil;592276;2439136;1;1;1;1;2;2;2;1;0
87113712;VAL DE FONTENAY;VAL DE FONTENAY;GARE DE VAL DE FONTENAY;Val de Font.;Val-de-Fontenay;10 avenue du Val de Fontenay 94120 Fontenay-sous-Bois;94033; Fontenay-sous-Bois;611300;2428798;0;1;0;1;Pas de CAB;0;4;0;0
87730069;VAL D'EUROPE;VAL D'EUROPE;GARE DE VAL D EUROPE;;;;77449; Serris;632200;2428726;;;;;;;;;1
87276535;VALMONDOIS;VALMONDOIS;GARE DE VALMONDOIS;Valmondois;Valmondois;Rue du Port aux Loups 95430 Butry-sur-Oise;95120; Butry-sur-Oise;590197;2454880;1;1;0;0;Pas de CAB;0;;1;0
87391532;VANVES MALAKOFF;VANVES MALAKOFF;GARE DE VANVES MALAKOFF;Vanves;Vanves-Malakoff;Place Albert Culot 92170 Vanves;92075; Vanves;596696;2424460;0;1;0;0;Pas de CAB;0;;1;0
87393538;VAUBOYEN;VAUBOYEN;GARE DE VAUBOYEN;Vauboyen;Vauboyen;Rue de Vauboyen 78350   Jouy-en-Josas ;78322; Jouy-en-Josas;589373;2417861;0;1;0;0;Pas de CAB;0;;0;0
87276626;VAUCELLES;VAUCELLES;GARE DE VAUCELLES;Vaucelles;Vaucelles;Rue de Vaucelles 95150 Taverny;95607; Taverny;592260;2447038;1;0;1;0;Pas de CAB;0;;0;0
87382267;VAUCRESSON;VAUCRESSON;GARE DE VAUCRESSON;Vaucresson;Vaucresson;Place de Charles de Gaulle 92420 Vaucresson;92076; Vaucresson;586489;2426507;1;0;0;0;Pas de CAB;2;;0;0
87381814;VAUX SUR SEINE;VAUX SUR SEINE;GARE DE VAUX SUR SEINE;Vaux/Seine;Vaux-sur-Seine;Avenue de la gare 78740 Vaux Sur Seine;78638; Vaux-sur-Seine;572700;2445495;0;1;0;0;Pas de CAB;0;;1;0
87116079;VERNEUIL L'ETANG;VERNEUIL L'ETANG;GARE DE VERNEUIL L ETANG;Verneuil;;;77493; Verneuil-l'Etang;635987;2405248;0;1;0;0;Pas de CAB;0;;1;0
87415604;VERNON;VERNON;GARE DE VERNON;;;;27681; Vernon;537281;2455154;;;;;;;;;0
87682468;VERNOU SUR SEINE;VERNOU SUR SEINE;GARE DE VERNOU SUR SEINE;;Vernou-sur-Seine;route de montereau 77670 Vernou-le-Celle-sur-Seine;77494; Vernou-la-Celle-sur-Seine;637477;2376596;0;0;0;0;Pas de CAB;0;;1;0
87386656;VERNOUILLET VERNEUIL;VERNOUILLET VERNEUIL;GARE DE VERNOUILLET VERNEUIL;Vernouillet;Vernouillet-Verneuil;Place Charles de Gaulle 78480 Verneuil Sur Seine;78642; Verneuil-sur-Seine;574097;2442641;0;0;0;0;1;0;;1;0
87393009;VERSAILLES CHANTIERS;VERSAILLES CHANTIERS;GARE DE VERSAILLES CHANTIERS;VersaillesCh;Versailles-Chantiers;4 Rue de l'Abbé Rousseau 78000 Versailles;78646; Versailles;585222;2421924;0;1;1;0;2;4;5;0;0
87382861;VERSAILLES RIVE DROITE;VERSAILLES RIVE DROITE;GARE DE VERSAILLES RIVE DROITE;VersaillesRD;Versailles Rive Droite;40, Rue du Maréchal Foch 78000  Versailles ;78646; Versailles;585225;2423487;1;0;0;0;1;1;1;1;0
87393157;VERSAILLES RIVE GAUCHE - CHÂTEAU DE VERSAILLES;VERSAILLES RIVE GAUCHE - CHÂTEAU DE VERSAILLES;GARE DE VERSAILLES RIVE GAUCHE;VersaillesRG;Versailles Rive Gauche - Château;5, Avenue du Général De Gaulle 78000   Versailles ;78646; Versailles;584681;2422427;1;1;1;0;1;0;;1;0
87271437;VERT GALANT;VERT GALANT;GARE DE VERT GALANT;Vert Galant;Vert-Galant;3, Place de la Gare, 93420 Villepinte;93078; Villepinte;616874;2438511;1;1;0;1;1;0;;1;0
87276568;VIARMES;VIARMES;GARE DE VIARMES;Viarmes;Viarmes;Place de la gare 95270 Viarmes;95652; Viarmes;602287;2457596;1;1;0;0;Pas de CAB;0;;0;0
87681304;VIGNEUX SUR SEINE;VIGNEUX SUR SEINE;GARE DE VIGNEUX SUR SEINE;Vigneux;Vigneux-sur-Seine;Place Robert Lakota 91270 Vigneux Sur Seine;91657; Vigneux-sur-Seine;605738;2412198;0;1;0;;1;0;;1;0
87681619;VILLABE;VILLABE;GARE DE VILLABE;Villabé;Villabé;Avenue de la Gare 91100 Villabé;91659; Villabé;609226;2399357;0;1;1;0;Pas de CAB;0;;1;0
87272021;VILLAINES;VILLAINES;GARE DE VILLAINES;Villaines;Villaines;Rue de la Halte Villaines 95570 Villaines-sous-Bois;95660; Villaines-sous-Bois;601026;2453477;0;0;0;0;Pas de CAB;0;;0;0
87683102;VILLENEUVE LA GUYARD;VILLENEUVE LA GUYARD;GARE DE VILLENEUVE LA GUYARD;;;;89460; Villeneuve-la-Guyard;654518;2371804;;;;;;;;;0
87545277;VILLENEUVE LE ROI;VILLENEUVE LE ROI;GARE DE VILLENEUVE LE ROI;Villeneuve;Villeneuve-le-Roi;Place de la Gare 94290   Villeneuve-le-Roi ;94077; Villeneuve-le-Roi;606599;2415707;0;1;0;0;Pas de CAB;0;;1;0
87681858;VILLENEUVE PRAIRIE;VILLENEUVE PRAIRIE;GARE DE VILLENEUVE PRAIRIE;Villeneuve P;Villeneuve-Prairie;Chemin des Vaches;94078; Villeneuve-Saint-Georges;607122;2418531;0;0;0;0;Pas de CAB;0;;0;0
87681825;VILLENEUVE SAINT-GEORGES;VILLENEUVE SAINT-GEORGES;GARE DE VILLENEUVE ST GEORGES;Villeneuve S;Villeneuve-Saint-Georges;Place Pierre Sémart 94190 Villeneuve St Georges;94078; Villeneuve-Saint-Georges;608100;2414613;1;1;0;1;1;0;1;1;0
87683219;VILLENEUVE SUR YONNE;VILLENEUVE SUR YONNE;GARE DE VILLENEUVE SUR YONNE;;;;89464; Villeneuve-sur-Yonne;670766;2343287;;;;;;;;;0
87681809;VILLENEUVE TRIAGE;VILLENEUVE TRIAGE;GARE DE VILLENEUVE TRIAGE;Villeneuve T;Villeneuve-Triage;2 Avenue de Choisy 94190 Villeneuve St Georges;94078; Villeneuve-Saint-Georges;607494;2416358;0;1;0;0;Pas de CAB;0;;1;0
87386649;VILLENNES SUR SEINE;VILLENNES SUR SEINE;GARE DE VILLENNES SUR SEINE;Villennes/S.;Villennes-sur-Seine;70 Place de la Libération 78670 Villennes sur Seine;78672; Villennes-sur-Seine;575295;2437974;0;1;0;0;Pas de CAB;0;;1;0
87271510;VILLEPARISIS MITRY LE NEUF;VILLEPARISIS MITRY LE NEUF;GARE DE VILLEPARISIS MITRY LE NEUF;Villeparisis;Villeparisis-Mitry-le-Neuf;2, Place du 19 Mars 1962, 77290 Mitry Le Neuf;77294; Mitry-Mory;619503;2439483;1;1;1;1;1;0;;0;0
87271452;VILLEPINTE;VILLEPINTE;GARE DE VILLEPINTE;Villepinte;Villepinte;Route Camille Pissaro, 93420 Villepinte;93078; Villepinte;612872;2440552;1;1;1;1;1;0;;1;0
87393413;VILLEPREUX LES CLAYES;VILLEPREUX LES CLAYES;GARE DE VILLEPREUX LES CLAYES;Villepreux;Villepreux-les-Clayes;Allée de la Gare 78340 Les Clayes Sous Bois;78165; Les Clayes-sous-Bois;574758;2425125;1;1;0;0;1;0;;1;0
87276220;VILLIERS LE BEL GONESSE ARNOUVILLE;VILLIERS LE BEL GONESSE ARNOUVILLE;GARE DE VILLIERS LE BEL GONESSE ARNOUVILLE;Villiers Bel;Villiers-le-Bel-Gonesse-Arnouville;1 Place Général Leclerc  95400 Villilers le Bel;95019; Arnouville-les-Gonesse;605827;2444009;0;1;0;1;1;0;;0;0
87116749;VILLIERS MONTBARBIN;VILLIERS MONTBARBIN;GARE DE VILLIERS MONTBARBIN;;Villiers-Montbarbin;Rue du souterrain 77580 Crécy-la-Chapelle;77142; Villiers-sur-Morin;640116;2429564;0;0;0;0;Pas de CAB;0;;0;0
87393884;VILLIERS NEAUPHLE PONTCHARTRAIN;VILLIERS NEAUPHLE PONTCHARTRAIN;GARE DE VILLIERS NEAUPHLE PONTCHARTRAIN;Villiers N.;Villiers-Neauphles-Pontchartrain;Place de la Gare 78640 Villiers Saint Frédérique;78683; Villiers-Saint-Fréderic;566250;2424213;0;1;0;0;Pas de CAB;0;;0;0
87113795;VILLIERS SUR MARNE PLESSIS TREVISE;VILLIERS SUR MARNE PLESSIS TREVISE;GARE DE VILLIERS SUR MARNE PLESSIS TREVISE;Villiers;Villiers-sur-Marne-Le Plessis-Trévise;place Pierre Sémard 94350 VILLIERS-SUR-MARNE;94079; Villiers-sur-Marne;615121;2424997;1;1;1;1;1;2;3;1;0
87758110;VINCENNES;VINCENNES;GARE DE VINCENNES;;;;94080; Vincennes;607106;2427667;;;;;;;;;1
87382887;VIROFLAY RIVE DROITE;VIROFLAY RIVE DROITE;GARE DE VIROFLAY RIVE DROITE;Viroflay RD;Viroflay Rive Droite;1 Place de Stalingrad;78686; Viroflay;587642;2423038;0;1;0;0;Pas de CAB;0;;0;0
87393215;VIROFLAY RIVE GAUCHE;VIROFLAY RIVE GAUCHE;GARE DE VIROFLAY RIVE GAUCHE;Viroflay-RG;Viroflay Rive Gauche;1 Rue Riesseuc 78220 Viroflay;78686; Viroflay;587854;2422512;1;1;1;0;1;0;3;1;0
87681312;VIRY CHATILLON;VIRY CHATILLON;GARE DE VIRY CHATILLON;Viry Chat.;Viry-Châtillon;Avenue du Général de Gaulle 91170 Viry Châtillon;91687; Viry-Châtillon;603677;2408612;1;1;0;0;Pas de CAB;0;;1;0
87545293;VITRY SUR SEINE;VITRY SUR SEINE;GARE DE VITRY SUR SEINE;Vitry /Seine;Vitry-sur-Seine;Cour de la Gare 94400   Vitry-sur-Seine ;94081; Vitry-sur-Seine;604844;2422459;1;1;1;1;2;2;1;1;0
87682500;VOSVES;VOSVES;GARE DE VOSVES;Vosves;Vosves;Rue de la Gare 77190 Dammarie Les Lys;77152; Dammarie-les-Lys;619406;2390722;0;0;0;0;Pas de CAB;0;;0;0
87545707;VOVES;VOVES;GARE DE VOVES;Yerres;;;28422; Voves;546965;2364236;;;;;;;;;0
87682443;VULAINES SUR SEINE SAMOREAU;VULAINES SUR SEINE SAMOREAU;GARE DE VULAINES SUR SEINE SAMOREAU;;Vulaines-sur-Seine-Samoreau;Avenue de la Gare , 77870 Vulaines-sur-Seine;77442; Samoreau;630814;2381381;0;0;0;0;Pas de CAB;0;;0;0
87682112;YERRES;YERRES;GARE DE YERRES;;Yerres;Place de la Gare 91330 Yerres;91691; Yerres;610814;2412035;1;1;1;;1;0;0;1;0
